V,I
0.302429199,-7.99255E-07
0.304870605,-8.01086E-07
0.307312012,-7.97119E-07
0.309753418,-7.99561E-07
0.312194824,-7.92847E-07
0.31463623,-7.97424E-07
0.317077637,-7.91016E-07
0.319519043,-7.94067E-07
0.321960449,-7.88574E-07
0.324401855,-7.901E-07
0.326843262,-7.88574E-07
0.329284668,-7.85828E-07
0.331726074,-7.91321E-07
0.33416748,-7.86133E-07
0.336608887,-7.87964E-07
0.339050293,-7.79114E-07
0.341491699,-7.85522E-07
0.343933105,-7.79419E-07
0.346374512,-7.83081E-07
0.348815918,-7.73926E-07
0.351257324,-7.78503E-07
0.35369873,-7.72705E-07
0.356140137,-7.724E-07
0.358581543,-7.69958E-07
0.361022949,-7.68738E-07
0.363464355,-7.67822E-07
0.365905762,-7.57141E-07
0.368347168,-7.62939E-07
0.370788574,-7.52869E-07
0.37322998,-7.53479E-07
0.375671387,-7.4585E-07
0.378112793,-7.50427E-07
0.380554199,-7.38525E-07
0.382995605,-7.42188E-07
0.385437012,-7.32422E-07
0.387878418,-7.33032E-07
0.390319824,-7.26318E-07
0.39276123,-7.1991E-07
0.395202637,-7.15942E-07
0.397644043,-7.11975E-07
0.400085449,-7.08618E-07
0.402526855,-7.01599E-07
0.404968262,-6.98547E-07
0.407409668,-6.85425E-07
0.409851074,-6.86646E-07
0.41229248,-6.73828E-07
0.414733887,-6.71387E-07
0.417175293,-6.58569E-07
0.419616699,-6.58264E-07
0.422058105,-6.43616E-07
0.424499512,-6.38428E-07
0.426940918,-6.30493E-07
0.429382324,-6.20117E-07
0.43182373,-6.12183E-07
0.434265137,-5.9967E-07
0.436706543,-5.94788E-07
0.439147949,-5.81665E-07
0.441589355,-5.75562E-07
0.444030762,-5.60608E-07
0.446472168,-5.5542E-07
0.448913574,-5.39551E-07
0.45135498,-5.32837E-07
0.453796387,-5.14221E-07
0.456237793,-5.07507E-07
0.458679199,-4.90417E-07
0.461120605,-4.84924E-07
0.463562012,-4.69055E-07
0.466003418,-4.57458E-07
0.468444824,-4.41895E-07
0.47088623,-4.245E-07
0.473327637,-4.12292E-07
0.475769043,-3.92456E-07
0.478210449,-3.85742E-07
0.480651855,-3.57056E-07
0.483093262,-3.50037E-07
0.485534668,-3.27454E-07
0.487976074,-3.15857E-07
0.49041748,-3.06396E-07
0.492858887,-2.948E-07
0.495300293,-2.73438E-07
0.497741699,-2.59705E-07
0.500183105,-2.42004E-07
0.502624512,-2.27448E-07
0.505065918,-2.09961E-07
0.507507324,-1.94489E-07
0.50994873,-1.81427E-07
0.512390137,-1.61346E-07
0.514831543,-1.50146E-07
0.517272949,-1.28174E-07
0.519714355,-1.20361E-07
0.522155762,-9.72595E-08
0.524597168,-8.9386E-08
0.527038574,-7.10754E-08
0.52947998,-5.73425E-08
0.531921387,-4.20227E-08
0.534362793,-2.9541E-08
0.536804199,-1.49841E-08
0.539245605,-2.62451E-09
0.541687012,7.35474E-09
0.544128418,2.19116E-08
0.546569824,3.07617E-08
0.54901123,4.58984E-08
0.551452637,5.39551E-08
0.553894043,6.9458E-08
0.556335449,7.63855E-08
0.558776855,9.021E-08
0.561218262,9.57031E-08
0.563659668,1.07269E-07
0.566101074,1.14655E-07
0.56854248,1.25458E-07
0.570983887,1.315E-07
0.573425293,1.38611E-07
0.575866699,1.49139E-07
0.578308105,1.52985E-07
0.580749512,1.64124E-07
0.583190918,1.68091E-07
0.585632324,1.78894E-07
0.58807373,1.7926E-07
0.590515137,1.92535E-07
0.592956543,1.91071E-07
0.595397949,2.02179E-07
0.597839355,2.04681E-07
0.600280762,2.11334E-07
0.602722168,2.1347E-07
0.605163574,2.19543E-07
0.60760498,2.23846E-07
0.610046387,2.26776E-07
0.612487793,2.33215E-07
0.614929199,2.33948E-07
0.617370605,2.4054E-07
0.619812012,2.39349E-07
0.622253418,2.47101E-07
0.624694824,2.44904E-07
0.62713623,2.55066E-07
0.629577637,2.51495E-07
0.632019043,2.59216E-07
0.634460449,2.57843E-07
0.636901855,2.64526E-07
0.639343262,2.63E-07
0.641784668,2.66052E-07
0.644226074,2.69928E-07
0.64666748,2.70599E-07
0.649108887,2.75665E-07
0.651550293,2.73865E-07
0.653991699,2.80975E-07
0.656433105,2.77435E-07
0.658874512,2.85706E-07
0.661315918,2.81769E-07
0.663757324,2.901E-07
0.66619873,2.88788E-07
0.668640137,2.93762E-07
0.671081543,2.93945E-07
0.673522949,2.97089E-07
0.675964355,2.99835E-07
0.678405762,2.99866E-07
0.680847168,3.05969E-07
0.683288574,2.99988E-07
0.68572998,3.06396E-07
0.688171387,3.09143E-07
0.690612793,3.17688E-07
0.693054199,3.08838E-07
0.695495605,3.19214E-07
0.697937012,3.17993E-07
0.700378418,3.22876E-07
0.702819824,3.28369E-07
0.70526123,3.32947E-07
0.707702637,3.34473E-07
0.710144043,3.3905E-07
0.712585449,3.50952E-07
0.715026855,3.49426E-07
0.717468262,3.63159E-07
0.719909668,3.63464E-07
0.722351074,3.7323E-07
0.72479248,3.75977E-07
0.727233887,3.84521E-07
0.729675293,3.93982E-07
0.732116699,4.02832E-07
0.734558105,4.11682E-07
0.736999512,4.22974E-07
0.739440918,4.31213E-07
0.741882324,4.44641E-07
0.74432373,4.55933E-07
0.746765137,4.67834E-07
0.749206543,4.81873E-07
0.751647949,4.93774E-07
0.754089355,5.1178E-07
0.756530762,5.25208E-07
0.758972168,5.45959E-07
0.761413574,5.56335E-07
0.76385498,5.8197E-07
0.766296387,5.93262E-07
0.768737793,6.19507E-07
0.771179199,6.38733E-07
0.773620605,6.63452E-07
0.776062012,6.83594E-07
0.778503418,7.09534E-07
0.780944824,7.37305E-07
0.78338623,7.58667E-07
0.785827637,7.88269E-07
0.788269043,8.14209E-07
0.790710449,8.48999E-07
0.793151855,8.73108E-07
0.795593262,9.1095E-07
0.798034668,9.375E-07
0.800476074,9.76868E-07
0.80291748,1.00281E-06
0.805358887,1.04218E-06
0.807800293,1.07758E-06
0.810241699,1.11298E-06
0.812683105,1.14807E-06
0.815124512,1.18469E-06
0.817565918,1.22681E-06
0.820007324,1.25732E-06
0.82244873,1.3031E-06
0.824890137,1.3385E-06
0.827331543,1.38275E-06
0.829772949,1.41266E-06
0.832214355,1.4563E-06
0.834655762,1.49231E-06
0.837097168,1.53351E-06
0.839538574,1.57074E-06
0.84197998,1.60858E-06
0.844421387,1.64459E-06
0.846862793,1.68427E-06
0.849304199,1.71875E-06
0.851745605,1.7514E-06
0.854187012,1.7923E-06
0.856628418,1.82251E-06
0.859069824,1.86432E-06
0.86151123,1.89331E-06
0.863952637,1.93359E-06
0.866394043,1.9632E-06
0.868835449,2.00012E-06
0.871276855,2.02667E-06
0.873718262,2.06146E-06
0.876159668,2.09473E-06
0.878601074,2.12341E-06
0.88104248,2.15332E-06
0.883483887,2.18445E-06
0.885925293,2.21283E-06
0.888366699,2.23969E-06
0.890808105,2.26929E-06
0.893249512,2.2937E-06
0.895690918,2.32452E-06
0.898132324,2.34528E-06
0.90057373,2.3764E-06
0.903015137,2.39471E-06
0.905456543,2.42432E-06
0.907897949,2.44171E-06
0.910339355,2.47253E-06
0.912780762,2.49023E-06
0.915222168,2.51221E-06
0.917663574,2.53296E-06
0.92010498,2.5528E-06
0.922546387,2.57599E-06
0.924987793,2.59064E-06
0.927429199,2.612E-06
0.929870605,2.62909E-06
0.932312012,2.65045E-06
0.934753418,2.66418E-06
0.937194824,2.68616E-06
0.93963623,2.69806E-06
0.942077637,2.72003E-06
0.944519043,2.72888E-06
0.946960449,2.74689E-06
0.949401855,2.75757E-06
0.951843262,2.77313E-06
0.954284668,2.78381E-06
0.956726074,2.79175E-06
0.95916748,2.80853E-06
0.961608887,2.81555E-06
0.964050293,2.8302E-06
0.966491699,2.83478E-06
0.968933105,2.85156E-06
0.971374512,2.8537E-06
0.973815918,2.86713E-06
0.976257324,2.86682E-06
0.97869873,2.88361E-06
0.981140137,2.88788E-06
0.983581543,2.89185E-06
0.986022949,2.89978E-06
0.988464355,2.90283E-06
0.990905762,2.90771E-06
0.993347168,2.90588E-06
0.995788574,2.91779E-06
0.99822998,2.91687E-06
1.000671387,2.92236E-06
1.003112793,2.92236E-06
1.005554199,2.92755E-06
1.007995605,2.92389E-06
1.010437012,2.93091E-06
1.012878418,2.92725E-06
1.015319824,2.9306E-06
1.01776123,2.92664E-06
1.020202637,2.93182E-06
1.022644043,2.92755E-06
1.025085449,2.92755E-06
1.027526855,2.93152E-06
1.029968262,2.92572E-06
1.032409668,2.93335E-06
1.034851074,2.92175E-06
1.03729248,2.92694E-06
1.039733887,2.91718E-06
1.042175293,2.92572E-06
1.044616699,2.91534E-06
1.047058105,2.92358E-06
1.049499512,2.91473E-06
1.051940918,2.91687E-06
1.054382324,2.91321E-06
1.05682373,2.91199E-06
1.059265137,2.90771E-06
1.061706543,2.90192E-06
1.064147949,2.90527E-06
1.066589355,2.89734E-06
1.069030762,2.89886E-06
1.071472168,2.89398E-06
1.073913574,2.8952E-06
1.07635498,2.88483E-06
1.078796387,2.89093E-06
1.081237793,2.8833E-06
1.083679199,2.88513E-06
1.086120605,2.88177E-06
1.088562012,2.87842E-06
1.091003418,2.87506E-06
1.093444824,2.87262E-06
1.09588623,2.8717E-06
1.098327637,2.86499E-06
1.100769043,2.86774E-06
1.103210449,2.86224E-06
1.105651855,2.86438E-06
1.108093262,2.85461E-06
1.110534668,2.85919E-06
1.112976074,2.85278E-06
1.11541748,2.85492E-06
1.117858887,2.84668E-06
1.120300293,2.85095E-06
1.122741699,2.84515E-06
1.125183105,2.84729E-06
1.127624512,2.8421E-06
1.130065918,2.83905E-06
1.132507324,2.84424E-06
1.13494873,2.83905E-06
1.137390137,2.83936E-06
1.139831543,2.83661E-06
1.142272949,2.83813E-06
1.144714355,2.82806E-06
1.147155762,2.84119E-06
1.149597168,2.82959E-06
1.152038574,2.83478E-06
1.15447998,2.8299E-06
1.156921387,2.83386E-06
1.159362793,2.83112E-06
1.161804199,2.83325E-06
1.164245605,2.82928E-06
1.166687012,2.82959E-06
1.169128418,2.83539E-06
1.171569824,2.82959E-06
1.17401123,2.83478E-06
1.176452637,2.83478E-06
1.178894043,2.84088E-06
1.181335449,2.83478E-06
1.183776855,2.84393E-06
1.186218262,2.83813E-06
1.188659668,2.85278E-06
1.191101074,2.84882E-06
1.19354248,2.85217E-06
1.195983887,2.85889E-06
1.198425293,2.86652E-06
1.200866699,2.8714E-06
1.203308105,2.87659E-06
1.205749512,2.88818E-06
1.208190918,2.89154E-06
1.210632324,2.90955E-06
1.21307373,2.91687E-06
1.215515137,2.93579E-06
1.217956543,2.94952E-06
1.220397949,2.97333E-06
1.222839355,2.98981E-06
1.225280762,3.01758E-06
1.227722168,3.04352E-06
1.230163574,3.07495E-06
1.23260498,3.10547E-06
1.235046387,3.14758E-06
1.237487793,3.19885E-06
1.239929199,3.23944E-06
1.242370605,3.29895E-06
1.244812012,3.35876E-06
1.247253418,3.43079E-06
1.249694824,3.50067E-06
1.25213623,3.59192E-06
1.254577637,3.67889E-06
1.257019043,3.77991E-06
1.259460449,3.88489E-06
1.261901855,3.99536E-06
1.264343262,4.11407E-06
1.266784668,4.2395E-06
1.269226074,4.36493E-06
1.27166748,4.49524E-06
1.274108887,4.63562E-06
1.276550293,4.76379E-06
1.278991699,4.90417E-06
1.281433105,5.03235E-06
1.283874512,5.17273E-06
1.286315918,5.29785E-06
1.288757324,5.42908E-06
1.29119873,5.55115E-06
1.293640137,5.67627E-06
1.296081543,5.79224E-06
1.298522949,5.91125E-06
1.300964355,6.01807E-06
1.298522949,5.40161E-06
1.296081543,4.89502E-06
1.293640137,4.45251E-06
1.29119873,4.06494E-06
1.288757324,3.71124E-06
1.286315918,3.39417E-06
1.283874512,3.09692E-06
1.281433105,2.83661E-06
1.278991699,2.57782E-06
1.276550293,2.35504E-06
1.274108887,2.13501E-06
1.27166748,1.94183E-06
1.269226074,1.75507E-06
1.266784668,1.5863E-06
1.264343262,1.42578E-06
1.261901855,1.28448E-06
1.259460449,1.15417E-06
1.257019043,1.0257E-06
1.254577637,9.14612E-07
1.25213623,8.08411E-07
1.249694824,7.18994E-07
1.247253418,6.31409E-07
1.244812012,5.59387E-07
1.242370605,4.85535E-07
1.239929199,4.19312E-07
1.237487793,3.54004E-07
1.235046387,3.11279E-07
1.23260498,2.67029E-07
1.230163574,2.32849E-07
1.227722168,1.94946E-07
1.225280762,1.65314E-07
1.222839355,1.42517E-07
1.220397949,1.11389E-07
1.217956543,9.44824E-08
1.215515137,6.98547E-08
1.21307373,6.06079E-08
1.210632324,3.82385E-08
1.208190918,3.88489E-08
1.205749512,1.41296E-08
1.203308105,1.33057E-08
1.200866699,-2.47192E-09
1.198425293,-2.7771E-09
1.195983887,-1.1322E-08
1.19354248,-1.94397E-08
1.191101074,-2.43225E-08
1.188659668,-3.24097E-08
1.186218262,-3.61328E-08
1.183776855,-4.19312E-08
1.181335449,-4.20532E-08
1.178894043,-5.16968E-08
1.176452637,-4.95911E-08
1.17401123,-5.95703E-08
1.171569824,-5.5481E-08
1.169128418,-6.53076E-08
1.166687012,-6.00891E-08
1.164245605,-6.47278E-08
1.161804199,-6.5033E-08
1.159362793,-7.16248E-08
1.156921387,-6.96716E-08
1.15447998,-7.0343E-08
1.152038574,-7.66296E-08
1.149597168,-7.42188E-08
1.147155762,-7.95898E-08
1.144714355,-7.31506E-08
1.142272949,-8.26721E-08
1.139831543,-7.66907E-08
1.137390137,-8.43506E-08
1.13494873,-7.79114E-08
1.132507324,-8.57849E-08
1.130065918,-8.30383E-08
1.127624512,-8.85315E-08
1.125183105,-8.62427E-08
1.122741699,-9.03931E-08
1.120300293,-9.198E-08
1.117858887,-8.86841E-08
1.11541748,-9.42993E-08
1.112976074,-8.99048E-08
1.110534668,-9.729E-08
1.108093262,-9.1095E-08
1.105651855,-1.00098E-07
1.103210449,-9.44214E-08
1.100769043,-1.00281E-07
1.098327637,-9.6283E-08
1.09588623,-1.02051E-07
1.093444824,-1.008E-07
1.091003418,-1.03516E-07
1.088562012,-1.02875E-07
1.086120605,-1.06873E-07
1.083679199,-1.09924E-07
1.081237793,-1.07483E-07
1.078796387,-1.13525E-07
1.07635498,-1.09772E-07
1.073913574,-1.16974E-07
1.071472168,-1.1145E-07
1.069030762,-1.20331E-07
1.066589355,-1.15997E-07
1.064147949,-0.000000125
1.061706543,-1.1969E-07
1.059265137,-1.25183E-07
1.05682373,-1.26862E-07
1.054382324,-1.27991E-07
1.051940918,-1.27625E-07
1.049499512,-1.29364E-07
1.047058105,-1.36475E-07
1.044616699,-1.31989E-07
1.042175293,-1.40015E-07
1.039733887,-1.35742E-07
1.03729248,-1.44623E-07
1.034851074,-1.38336E-07
1.032409668,-1.49445E-07
1.029968262,-1.42273E-07
1.027526855,-1.50116E-07
1.025085449,-1.51733E-07
1.022644043,-1.53809E-07
1.020202637,-1.54663E-07
1.01776123,-1.58264E-07
1.015319824,-1.5918E-07
1.012878418,-1.57776E-07
1.010437012,-1.64917E-07
1.007995605,-1.62506E-07
1.005554199,-1.69769E-07
1.003112793,-1.66046E-07
1.000671387,-1.74377E-07
0.99822998,-1.70044E-07
0.995788574,-1.79291E-07
0.993347168,-1.75018E-07
0.990905762,-1.82404E-07
0.988464355,-1.82373E-07
0.986022949,-1.8335E-07
0.983581543,-1.85181E-07
0.981140137,-1.88934E-07
0.97869873,-1.93909E-07
0.976257324,-1.91406E-07
0.973815918,-1.97998E-07
0.971374512,-1.96899E-07
0.968933105,-2.04895E-07
0.966491699,-2.02271E-07
0.964050293,-2.10266E-07
0.961608887,-2.0636E-07
0.95916748,-2.17255E-07
0.956726074,-2.14142E-07
0.954284668,-2.19452E-07
0.951843262,-2.18536E-07
0.949401855,-2.22961E-07
0.946960449,-2.26685E-07
0.944519043,-2.29828E-07
0.942077637,-2.35901E-07
0.93963623,-2.33612E-07
0.937194824,-2.4118E-07
0.934753418,-2.42126E-07
0.932312012,-2.51068E-07
0.929870605,-2.47925E-07
0.927429199,-2.57477E-07
0.924987793,-2.55035E-07
0.922546387,-2.66754E-07
0.92010498,-2.64252E-07
0.917663574,-2.71362E-07
0.915222168,-2.72675E-07
0.912780762,-2.79694E-07
0.910339355,-2.79968E-07
0.907897949,-2.88849E-07
0.905456543,-2.92297E-07
0.903015137,-2.94708E-07
0.90057373,-3.0191E-07
0.898132324,-3.02124E-07
0.895690918,-3.07922E-07
0.893249512,-3.09448E-07
0.890808105,-3.18604E-07
0.888366699,-3.18298E-07
0.885925293,-3.31421E-07
0.883483887,-3.30811E-07
0.88104248,-3.37524E-07
0.878601074,-3.43018E-07
0.876159668,-3.48816E-07
0.873718262,-3.57361E-07
0.871276855,-3.60107E-07
0.868835449,-3.71094E-07
0.866394043,-3.63159E-07
0.863952637,-3.77197E-07
0.86151123,-3.85742E-07
0.859069824,-3.97949E-07
0.856628418,-3.99475E-07
0.854187012,-4.16565E-07
0.851745605,-4.17175E-07
0.849304199,-4.36707E-07
0.846862793,-4.34265E-07
0.844421387,-4.52576E-07
0.84197998,-4.57764E-07
0.839538574,-4.66614E-07
0.837097168,-4.80042E-07
0.834655762,-4.87061E-07
0.832214355,-4.95911E-07
0.829772949,-5.06287E-07
0.827331543,-5.19104E-07
0.824890137,-5.24902E-07
0.82244873,-5.41382E-07
0.820007324,-5.42297E-07
0.817565918,-5.63965E-07
0.815124512,-5.69458E-07
0.812683105,-5.85938E-07
0.810241699,-5.93567E-07
0.807800293,-6.09741E-07
0.805358887,-6.21338E-07
0.80291748,-6.36597E-07
0.800476074,-6.47583E-07
0.798034668,-6.61316E-07
0.795593262,-6.80237E-07
0.793151855,-6.90918E-07
0.790710449,-7.09839E-07
0.788269043,-7.19299E-07
0.785827637,-7.44019E-07
0.78338623,-7.56531E-07
0.780944824,-7.76367E-07
0.778503418,-7.91016E-07
0.776062012,-8.12683E-07
0.773620605,-8.28857E-07
0.771179199,-8.53882E-07
0.768737793,-8.71582E-07
0.766296387,-8.92029E-07
0.76385498,-9.15527E-07
0.761413574,-9.34448E-07
0.758972168,-9.56421E-07
0.756530762,-9.8053E-07
0.754089355,-1.00983E-06
0.751647949,-1.02844E-06
0.749206543,-1.06262E-06
0.746765137,-1.08093E-06
0.74432373,-1.11481E-06
0.741882324,-1.13739E-06
0.739440918,-1.17096E-06
0.736999512,-1.20056E-06
0.734558105,-1.23077E-06
0.732116699,-1.2619E-06
0.729675293,-1.29456E-06
0.727233887,-1.32996E-06
0.72479248,-1.36139E-06
0.722351074,-1.40167E-06
0.719909668,-1.42883E-06
0.717468262,-1.47491E-06
0.715026855,-1.50299E-06
0.712585449,-1.5506E-06
0.710144043,-1.58325E-06
0.707702637,-1.63116E-06
0.70526123,-1.66748E-06
0.702819824,-1.71417E-06
0.700378418,-1.75323E-06
0.697937012,-1.80176E-06
0.695495605,-1.84418E-06
0.693054199,-1.8927E-06
0.690612793,-1.94031E-06
0.688171387,-1.98761E-06
0.68572998,-2.04254E-06
0.683288574,-2.08466E-06
0.680847168,-2.14539E-06
0.678405762,-2.19482E-06
0.675964355,-2.25372E-06
0.673522949,-2.30011E-06
0.671081543,-2.36725E-06
0.668640137,-2.41943E-06
0.66619873,-2.48352E-06
0.663757324,-2.54242E-06
0.661315918,-2.61108E-06
0.658874512,-2.67517E-06
0.656433105,-2.73407E-06
0.653991699,-2.80548E-06
0.651550293,-2.86743E-06
0.649108887,-2.94464E-06
0.64666748,-3.01025E-06
0.644226074,-3.08563E-06
0.641784668,-3.1543E-06
0.639343262,-3.23486E-06
0.636901855,-3.30261E-06
0.634460449,-3.38348E-06
0.632019043,-3.45825E-06
0.629577637,-3.5376E-06
0.62713623,-3.61694E-06
0.624694824,-3.69781E-06
0.622253418,-3.78265E-06
0.619812012,-3.86444E-06
0.617370605,-3.95111E-06
0.614929199,-4.02802E-06
0.612487793,-4.1153E-06
0.610046387,-4.19861E-06
0.60760498,-4.28802E-06
0.605163574,-4.36371E-06
0.602722168,-4.45404E-06
0.600280762,-4.52942E-06
0.597839355,-4.61731E-06
0.595397949,-4.69666E-06
0.592956543,-4.776E-06
0.590515137,-4.85535E-06
0.58807373,-4.93164E-06
0.585632324,-5.01099E-06
0.583190918,-5.07813E-06
0.580749512,-5.15442E-06
0.578308105,-5.21851E-06
0.575866699,-5.28564E-06
0.573425293,-5.34363E-06
0.570983887,-5.40466E-06
0.56854248,-5.45654E-06
0.566101074,-5.51147E-06
0.563659668,-5.5542E-06
0.561218262,-5.59998E-06
0.558776855,-5.6366E-06
0.556335449,-5.67322E-06
0.553894043,-5.70068E-06
0.551452637,-5.7251E-06
0.54901123,-5.75256E-06
0.546569824,-5.76782E-06
0.544128418,-5.78003E-06
0.541687012,-5.78613E-06
0.539245605,-5.79224E-06
0.536804199,-5.78918E-06
0.534362793,-5.78918E-06
0.531921387,-5.77698E-06
0.52947998,-5.77087E-06
0.527038574,-5.75562E-06
0.524597168,-5.74036E-06
0.522155762,-5.72205E-06
0.519714355,-5.70679E-06
0.517272949,-5.68237E-06
0.514831543,-5.65796E-06
0.512390137,-5.63965E-06
0.50994873,-5.60913E-06
0.507507324,-5.58777E-06
0.505065918,-5.55725E-06
0.502624512,-5.53589E-06
0.500183105,-5.50842E-06
0.497741699,-5.48706E-06
0.495300293,-5.45654E-06
0.492858887,-5.43823E-06
0.49041748,-5.41382E-06
0.487976074,-5.39551E-06
0.485534668,-5.37415E-06
0.483093262,-5.35889E-06
0.480651855,-5.34363E-06
0.478210449,-5.32837E-06
0.475769043,-5.31311E-06
0.473327637,-5.29785E-06
0.47088623,-5.29175E-06
0.468444824,-5.27649E-06
0.466003418,-5.27039E-06
0.463562012,-5.25208E-06
0.461120605,-5.25208E-06
0.458679199,-5.23376E-06
0.456237793,-5.22766E-06
0.453796387,-5.21545E-06
0.45135498,-5.20935E-06
0.448913574,-5.19104E-06
0.446472168,-5.17883E-06
0.444030762,-5.16052E-06
0.441589355,-5.14526E-06
0.439147949,-5.12695E-06
0.436706543,-5.09644E-06
0.434265137,-5.08423E-06
0.43182373,-5.04761E-06
0.429382324,-5.0293E-06
0.426940918,-4.98962E-06
0.424499512,-4.95911E-06
0.422058105,-4.92249E-06
0.419616699,-4.88892E-06
0.417175293,-4.84314E-06
0.414733887,-4.80652E-06
0.41229248,-4.75769E-06
0.409851074,-4.71191E-06
0.407409668,-4.66614E-06
0.404968262,-4.61609E-06
0.402526855,-4.56635E-06
0.400085449,-4.51294E-06
0.397644043,-4.4635E-06
0.395202637,-4.40735E-06
0.39276123,-4.35699E-06
0.390319824,-4.30115E-06
0.387878418,-4.24713E-06
0.385437012,-4.18976E-06
0.382995605,-4.1391E-06
0.380554199,-4.08569E-06
0.378112793,-4.03107E-06
0.375671387,-3.9801E-06
0.37322998,-3.92517E-06
0.370788574,-3.87512E-06
0.368347168,-3.82263E-06
0.365905762,-3.77899E-06
0.363464355,-3.72345E-06
0.361022949,-3.68134E-06
0.358581543,-3.6261E-06
0.356140137,-3.58673E-06
0.35369873,-3.53729E-06
0.351257324,-3.49915E-06
0.348815918,-3.45367E-06
0.346374512,-3.41431E-06
0.343933105,-3.37036E-06
0.341491699,-3.3313E-06
0.339050293,-3.29346E-06
0.336608887,-3.25439E-06
0.33416748,-3.21686E-06
0.331726074,-3.17993E-06
0.329284668,-3.14789E-06
0.326843262,-3.10974E-06
0.324401855,-3.08136E-06
0.321960449,-3.04108E-06
0.319519043,-3.01788E-06
0.317077637,-2.97913E-06
0.31463623,-2.9541E-06
0.312194824,-2.92053E-06
0.309753418,-2.89734E-06
0.307312012,-2.86591E-06
0.304870605,-2.83844E-06
0.302429199,-2.81097E-06
0.299987793,-2.78351E-06
0.297546387,-2.75818E-06
0.29510498,-2.73163E-06
0.292663574,-2.71118E-06
0.290222168,-2.6825E-06
0.287780762,-2.66418E-06
0.285339355,-2.63367E-06
0.282897949,-2.61841E-06
0.280456543,-2.59399E-06
0.278015137,-2.57599E-06
0.27557373,-2.55341E-06
0.273132324,-2.53571E-06
0.270690918,-2.51465E-06
0.268249512,-2.49786E-06
0.265808105,-2.47803E-06
0.263366699,-2.45941E-06
0.260925293,-2.44598E-06
0.258483887,-2.42279E-06
0.25604248,-2.41211E-06
0.253601074,-2.39227E-06
0.251159668,-2.38251E-06
0.248718262,-2.3642E-06
0.246276855,-2.35474E-06
0.243835449,-2.33368E-06
0.241394043,-2.32483E-06
0.238952637,-2.30774E-06
0.23651123,-2.29736E-06
0.234069824,-2.28821E-06
0.231628418,-2.27417E-06
0.229187012,-2.26135E-06
0.226745605,-2.24792E-06
0.224304199,-2.24243E-06
0.221862793,-2.22504E-06
0.219421387,-2.2226E-06
0.21697998,-2.20947E-06
0.214538574,-2.20093E-06
0.212097168,-2.18719E-06
0.209655762,-2.1817E-06
0.207214355,-2.16766E-06
0.204772949,-2.16461E-06
0.202331543,-2.15271E-06
0.199890137,-2.14417E-06
0.19744873,-2.13623E-06
0.195007324,-2.12708E-06
0.192565918,-2.12463E-06
0.190124512,-2.10846E-06
0.187683105,-2.10907E-06
0.185241699,-2.09106E-06
0.182800293,-2.0929E-06
0.180358887,-2.07611E-06
0.17791748,-2.07794E-06
0.175476074,-2.06421E-06
0.173034668,-2.06238E-06
0.170593262,-2.05017E-06
0.168151855,-2.04742E-06
0.165710449,-2.04315E-06
0.163269043,-2.02972E-06
0.160827637,-2.03278E-06
0.15838623,-2.01721E-06
0.155944824,-2.01416E-06
0.153503418,-2.00073E-06
0.151062012,-1.99921E-06
0.148620605,-1.98944E-06
0.146179199,-1.98975E-06
0.143737793,-1.97571E-06
0.141296387,-1.97418E-06
0.13885498,-1.96533E-06
0.136413574,-1.9632E-06
0.133972168,-1.95648E-06
0.131530762,-1.94855E-06
0.129089355,-1.94641E-06
0.126647949,-1.93787E-06
0.124206543,-1.93573E-06
0.121765137,-1.92352E-06
0.11932373,-1.92535E-06
0.116882324,-1.91345E-06
0.114440918,-1.9162E-06
0.111999512,-1.90155E-06
0.109558105,-1.90491E-06
0.107116699,-1.89789E-06
0.104675293,-1.89545E-06
0.102233887,-1.88934E-06
0.09979248,-1.88782E-06
0.097351074,-1.88019E-06
0.094909668,-1.87653E-06
0.092468262,-1.88049E-06
0.090026855,-1.87683E-06
0.087585449,-1.87775E-06
0.085144043,-1.86188E-06
0.082702637,-1.87622E-06
0.08026123,-1.86707E-06
0.077819824,-1.87744E-06
0.075378418,-1.86646E-06
0.072937012,-1.87042E-06
0.070495605,-1.8631E-06
0.068054199,-1.86401E-06
0.065612793,-1.87378E-06
0.063171387,-1.88385E-06
0.06072998,-1.88416E-06
0.058288574,-1.87256E-06
0.055847168,-1.89484E-06
0.053405762,-1.87408E-06
0.050964355,-1.89758E-06
0.048522949,-1.87042E-06
0.046081543,-1.8924E-06
0.043640137,-1.87042E-06
0.04119873,-1.88904E-06
0.038757324,-1.85974E-06
0.036315918,-1.87347E-06
0.033874512,-1.86707E-06
0.031433105,-1.87592E-06
0.028991699,-1.88324E-06
0.026550293,-1.86676E-06
0.024108887,-1.89117E-06
0.02166748,-1.8576E-06
0.019226074,-1.89148E-06
0.016784668,-1.86676E-06
0.014343262,-1.90857E-06
0.011901855,-1.88019E-06
0.009460449,-1.92444E-06
0.007019043,-1.89453E-06
0.004577637,-1.95526E-06
0.00213623,-1.9458E-06
-0.000305176,-1.98883E-06
-0.002746582,-2.01019E-06
-0.005187988,-2.03247E-06
-0.007629395,-2.09198E-06
-0.010070801,-2.07581E-06
-0.012512207,-2.19025E-06
-0.014953613,-2.15424E-06
-0.01739502,-2.29034E-06
-0.019836426,-2.25739E-06
-0.022277832,-2.37732E-06
-0.024719238,-2.35229E-06
-0.027160645,-2.46521E-06
-0.029602051,-2.46094E-06
-0.032043457,-2.5238E-06
-0.034484863,-2.54425E-06
-0.03692627,-2.51984E-06
-0.039367676,-2.56134E-06
-0.041809082,-2.49664E-06
-0.044250488,-2.5235E-06
-0.046691895,-2.44415E-06
-0.049133301,-2.44537E-06
-0.051574707,-2.33459E-06
-0.054016113,-2.35779E-06
-0.05645752,-2.23633E-06
-0.058898926,-2.26898E-06
-0.061340332,-2.17285E-06
-0.063781738,-2.19208E-06
-0.066223145,-2.15149E-06
-0.068664551,-2.1347E-06
-0.071105957,-2.12189E-06
-0.073547363,-2.10693E-06
-0.07598877,-2.13043E-06
-0.078430176,-2.0932E-06
-0.080871582,-2.14264E-06
-0.083312988,-2.08038E-06
-0.085754395,-2.15546E-06
-0.088195801,-2.08862E-06
-0.090637207,-2.18384E-06
-0.093078613,-2.13623E-06
-0.09552002,-2.2467E-06
-0.097961426,-2.20032E-06
-0.100402832,-2.26196E-06
-0.102844238,-2.27936E-06
-0.105285645,-2.32513E-06
-0.107727051,-2.38739E-06
-0.110168457,-2.41089E-06
-0.112609863,-2.52197E-06
-0.11505127,-2.47711E-06
-0.117492676,-2.64435E-06
-0.119934082,-2.57751E-06
-0.122375488,-2.71149E-06
-0.124816895,-2.60101E-06
-0.127258301,-2.75146E-06
-0.129699707,-2.64709E-06
-0.132141113,-2.69409E-06
-0.13458252,-2.61658E-06
-0.137023926,-2.63702E-06
-0.139465332,-2.59155E-06
-0.141906738,-2.54395E-06
-0.144348145,-2.53418E-06
-0.146789551,-2.44781E-06
-0.149230957,-2.49695E-06
-0.151672363,-2.40265E-06
-0.15411377,-2.42126E-06
-0.156555176,-2.2998E-06
-0.158996582,-2.38159E-06
-0.161437988,-2.25189E-06
-0.163879395,-2.31934E-06
-0.166320801,-2.27325E-06
-0.168762207,-2.30804E-06
-0.171203613,-2.25494E-06
-0.17364502,-2.28271E-06
-0.176086426,-2.31323E-06
-0.178527832,-2.33612E-06
-0.180969238,-2.39685E-06
-0.183410645,-2.40845E-06
-0.185852051,-2.51434E-06
-0.188293457,-2.54364E-06
-0.190734863,-2.71027E-06
-0.19317627,-2.77161E-06
-0.195617676,-2.99713E-06
-0.198059082,-3.12317E-06
-0.200500488,-3.45123E-06
-0.202941895,-3.69446E-06
-0.205383301,-4.06403E-06
-0.207824707,-4.48608E-06
-0.210266113,-5.0354E-06
-0.21270752,-5.70984E-06
-0.215148926,-6.46362E-06
-0.217590332,-7.45544E-06
-0.220031738,-8.59375E-06
-0.222473145,-1.00586E-05
-0.224914551,-1.16272E-05
-0.227355957,-1.36902E-05
-0.229797363,-1.60248E-05
-0.23223877,-1.89453E-05
-0.234680176,-2.23511E-05
-0.237121582,-2.64435E-05
-0.239562988,-3.12805E-05
-0.242004395,-3.6908E-05
-0.244445801,-4.36066E-05
-0.246887207,-5.1239E-05
-0.249328613,-6.02417E-05
-0.25177002,-7.0343E-05
-0.249328613,-4.12262E-05
-0.246887207,-2.33032E-05
-0.244445801,-1.14136E-05
-0.242004395,-3.08624E-06
-0.239562988,2.47742E-06
-0.237121582,6.30188E-06
-0.234680176,8.70667E-06
-0.23223877,1.01898E-05
-0.229797363,1.09375E-05
-0.227355957,1.12549E-05
-0.224914551,1.12366E-05
-0.222473145,1.09314E-05
-0.220031738,1.05499E-05
-0.217590332,1.00281E-05
-0.215148926,9.53064E-06
-0.21270752,8.89587E-06
-0.210266113,8.40454E-06
-0.207824707,7.79724E-06
-0.205383301,7.33032E-06
-0.202941895,6.73523E-06
-0.200500488,6.32019E-06
-0.198059082,5.80444E-06
-0.195617676,5.44434E-06
-0.19317627,5.0293E-06
-0.190734863,4.6875E-06
-0.188293457,4.34875E-06
-0.185852051,4.0271E-06
-0.183410645,3.76709E-06
-0.180969238,3.46527E-06
-0.178527832,3.26721E-06
-0.176086426,3.0072E-06
-0.17364502,2.86713E-06
-0.171203613,2.61475E-06
-0.168762207,2.50641E-06
-0.166320801,2.28729E-06
-0.163879395,2.20459E-06
-0.161437988,2.02057E-06
-0.158996582,1.94489E-06
-0.156555176,1.828E-06
-0.15411377,1.71967E-06
-0.151672363,1.6452E-06
-0.149230957,1.51062E-06
-0.146789551,1.49933E-06
-0.144348145,1.35834E-06
-0.141906738,1.3913E-06
-0.139465332,1.27441E-06
-0.137023926,1.28082E-06
-0.13458252,1.18835E-06
-0.132141113,1.25885E-06
-0.129699707,1.13281E-06
-0.127258301,1.14716E-06
-0.124816895,1.11542E-06
-0.122375488,1.11206E-06
-0.119934082,1.09283E-06
-0.117492676,1.02722E-06
-0.11505127,1.03699E-06
-0.112609863,9.65576E-07
-0.110168457,1.00555E-06
-0.107727051,8.63953E-07
-0.105285645,9.44214E-07
-0.102844238,8.25806E-07
-0.100402832,8.81958E-07
-0.097961426,7.69043E-07
-0.09552002,8.1665E-07
-0.093078613,7.41882E-07
-0.090637207,7.61108E-07
-0.088195801,7.37305E-07
-0.085754395,7.46155E-07
-0.083312988,7.70569E-07
-0.080871582,7.18384E-07
-0.078430176,7.58362E-07
-0.07598877,7.42188E-07
-0.073547363,8.45642E-07
-0.071105957,8.04749E-07
-0.068664551,9.23157E-07
-0.066223145,9.021E-07
-0.063781738,1.0199E-06
-0.061340332,9.83276E-07
-0.058898926,1.08307E-06
-0.05645752,1.05316E-06
-0.054016113,1.08337E-06
-0.051574707,1.10413E-06
-0.049133301,1.05591E-06
-0.046691895,1.08826E-06
-0.044250488,1.00586E-06
-0.041809082,1.06537E-06
-0.039367676,1.01288E-06
-0.03692627,1.08032E-06
-0.034484863,9.94263E-07
-0.032043457,1.09039E-06
-0.029602051,1.01868E-06
-0.027160645,1.07727E-06
-0.024719238,1.00739E-06
-0.022277832,1.01135E-06
-0.019836426,9.44824E-07
-0.01739502,8.82568E-07
-0.014953613,8.06885E-07
-0.012512207,7.16248E-07
-0.010070801,6.26221E-07
-0.007629395,4.94995E-07
-0.005187988,4.35486E-07
-0.002746582,2.93579E-07
-0.000305176,2.54822E-07
0.00213623,1.3855E-07
0.004577637,1.04584E-07
0.007019043,-9.15527E-10
0.009460449,-2.58484E-08
0.011901855,-1.11084E-07
0.014343262,-1.2207E-07
0.016784668,-1.69373E-07
0.019226074,-1.9989E-07
0.02166748,-2.24915E-07
0.024108887,-2.59705E-07
0.026550293,-2.85645E-07
0.028991699,-3.25317E-07
0.031433105,-3.15552E-07
0.033874512,-3.3844E-07
0.036315918,-3.39661E-07
0.038757324,-3.68958E-07
0.04119873,-3.35388E-07
0.043640137,-3.77197E-07
0.046081543,-3.65906E-07
0.048522949,-3.97644E-07
0.050964355,-3.80554E-07
0.053405762,-3.93066E-07
0.055847168,-4.28162E-07
0.058288574,-4.13513E-07
0.06072998,-4.29993E-07
0.063171387,-4.40063E-07
0.065612793,-4.65088E-07
0.068054199,-4.776E-07
0.070495605,-4.91333E-07
0.072937012,-4.89197E-07
0.075378418,-5.16968E-07
0.077819824,-5.17883E-07
0.08026123,-5.3772E-07
0.082702637,-5.38025E-07
0.085144043,-5.58777E-07
0.087585449,-5.63965E-07
0.090026855,-5.73425E-07
0.092468262,-5.88989E-07
0.094909668,-5.95093E-07
0.097351074,-6.04858E-07
0.09979248,-6.09436E-07
0.102233887,-6.2561E-07
0.104675293,-6.28357E-07
0.107116699,-6.38733E-07
0.109558105,-6.37512E-07
0.111999512,-6.54907E-07
0.114440918,-6.48499E-07
0.116882324,-6.63452E-07
0.11932373,-6.57349E-07
0.121765137,-6.71082E-07
0.124206543,-6.69861E-07
0.126647949,-6.78101E-07
0.129089355,-6.7688E-07
0.131530762,-6.82373E-07
0.133972168,-6.87256E-07
0.136413574,-6.84204E-07
0.13885498,-6.96716E-07
0.141296387,-6.92444E-07
0.143737793,-7.00989E-07
0.146179199,-7.00378E-07
0.148620605,-7.08923E-07
0.151062012,-7.0282E-07
0.153503418,-7.1228E-07
0.155944824,-7.06787E-07
0.15838623,-7.15332E-07
0.160827637,-7.1167E-07
0.163269043,-7.18384E-07
0.165710449,-7.18994E-07
0.168151855,-7.16858E-07
0.170593262,-7.25403E-07
0.173034668,-7.2113E-07
0.175476074,-7.27539E-07
0.17791748,-7.23267E-07
0.180358887,-7.29065E-07
0.182800293,-7.26624E-07
0.185241699,-7.32727E-07
0.187683105,-7.26929E-07
0.190124512,-7.37915E-07
0.192565918,-7.33643E-07
0.195007324,-7.40051E-07
0.19744873,-7.34863E-07
0.199890137,-7.41882E-07
0.202331543,-7.40662E-07
0.204772949,-7.42493E-07
0.207214355,-7.42493E-07
0.209655762,-7.40967E-07
0.212097168,-7.50732E-07
0.214538574,-7.43713E-07
0.21697998,-7.54089E-07
0.219421387,-7.44934E-07
0.221862793,-7.53479E-07
0.224304199,-7.47986E-07
0.226745605,-7.56226E-07
0.229187012,-7.52563E-07
0.231628418,-7.55615E-07
0.234069824,-7.52258E-07
0.23651123,-7.56531E-07
0.238952637,-7.56836E-07
0.241394043,-7.53784E-07
0.243835449,-7.59277E-07
0.246276855,-7.56226E-07
0.248718262,-7.64465E-07
0.251159668,-7.58972E-07
0.253601074,-7.62329E-07
0.25604248,-7.56836E-07
0.258483887,-7.63855E-07
0.260925293,-7.60498E-07
0.263366699,-7.61719E-07
0.265808105,-7.58667E-07
0.268249512,-7.65686E-07
0.270690918,-7.60803E-07
0.273132324,-7.62634E-07
0.27557373,-7.67212E-07
0.278015137,-7.59888E-07
0.280456543,-7.62939E-07
0.282897949,-7.58972E-07
0.285339355,-7.68127E-07
0.287780762,-7.59277E-07
0.290222168,-7.64465E-07
0.292663574,-7.57751E-07
0.29510498,-7.6355E-07
0.297546387,-7.58362E-07
0.299987793,-7.62634E-07
