V_1,I_1,V_2,I_2,V_3,I_3,V_4,I_4
-0.002441406,-2.16522E-06,-0.002441406,-2.13348E-06,-0.002441406,-2.12189E-06,-0.002441406,-2.37518E-06
-0.004882813,-2.23511E-06,-0.004882813,-2.19849E-06,-0.004882813,-2.17529E-06,-0.004882813,-2.42065E-06
-0.007324219,-2.3053E-06,-0.007324219,-2.26349E-06,-0.007324219,-2.23175E-06,-0.007324219,-2.46643E-06
-0.009765625,-2.37762E-06,-0.009765625,-2.33032E-06,-0.009765625,-2.28912E-06,-0.009765625,-2.51343E-06
-0.012207031,-2.45056E-06,-0.012207031,-2.39655E-06,-0.012207031,-2.34558E-06,-0.012207031,-2.55951E-06
-0.014648438,-2.5238E-06,-0.014648438,-2.46521E-06,-0.014648438,-2.40387E-06,-0.014648438,-2.60742E-06
-0.017089844,-2.59827E-06,-0.017089844,-2.53418E-06,-0.017089844,-2.46246E-06,-0.017089844,-2.65564E-06
-0.01953125,-2.67426E-06,-0.01953125,-2.60376E-06,-0.01953125,-2.52136E-06,-0.01953125,-2.70508E-06
-0.021972656,-2.75024E-06,-0.021972656,-2.67242E-06,-0.021972656,-2.58118E-06,-0.021972656,-2.7536E-06
-0.024414063,-2.82654E-06,-0.024414063,-2.74292E-06,-0.024414063,-2.6413E-06,-0.024414063,-2.80212E-06
-0.026855469,-2.90527E-06,-0.026855469,-2.81433E-06,-0.026855469,-2.70203E-06,-0.026855469,-2.85217E-06
-0.029296875,-2.98248E-06,-0.029296875,-2.88391E-06,-0.029296875,-2.76337E-06,-0.029296875,-2.90253E-06
-0.031738281,-3.06E-06,-0.031738281,-2.95532E-06,-0.031738281,-2.82349E-06,-0.031738281,-2.95166E-06
-0.034179688,-3.13568E-06,-0.034179688,-3.02399E-06,-0.034179688,-2.88483E-06,-0.034179688,-3.00293E-06
-0.036621094,-3.21228E-06,-0.036621094,-3.09265E-06,-0.036621094,-2.94495E-06,-0.036621094,-3.05359E-06
-0.0390625,-3.28918E-06,-0.0390625,-3.16101E-06,-0.0390625,-3.00446E-06,-0.0390625,-3.10486E-06
-0.041503906,-3.36273E-06,-0.041503906,-3.22845E-06,-0.041503906,-3.06335E-06,-0.041503906,-3.15552E-06
-0.043945313,-3.43597E-06,-0.043945313,-3.29193E-06,-0.043945313,-3.12256E-06,-0.043945313,-3.20618E-06
-0.046386719,-3.50647E-06,-0.046386719,-3.35693E-06,-0.046386719,-3.18054E-06,-0.046386719,-3.255E-06
-0.048828125,-3.57544E-06,-0.048828125,-3.41736E-06,-0.048828125,-3.23608E-06,-0.048828125,-3.30353E-06
-0.051269531,-3.64319E-06,-0.051269531,-3.47809E-06,-0.051269531,-3.29102E-06,-0.051269531,-3.35022E-06
-0.053710938,-3.70728E-06,-0.053710938,-3.53638E-06,-0.053710938,-3.34351E-06,-0.053710938,-3.39691E-06
-0.056152344,-3.77136E-06,-0.056152344,-3.59406E-06,-0.056152344,-3.39661E-06,-0.056152344,-3.44208E-06
-0.05859375,-3.83179E-06,-0.05859375,-3.64929E-06,-0.05859375,-3.44757E-06,-0.05859375,-3.48663E-06
-0.061035156,-3.88916E-06,-0.061035156,-3.70209E-06,-0.061035156,-3.49762E-06,-0.061035156,-3.52966E-06
-0.063476563,-3.94562E-06,-0.063476563,-3.75183E-06,-0.063476563,-3.54401E-06,-0.063476563,-3.57056E-06
-0.065917969,-3.99841E-06,-0.065917969,-3.79913E-06,-0.065917969,-3.59009E-06,-0.065917969,-3.61298E-06
-0.068359375,-4.04816E-06,-0.068359375,-3.84521E-06,-0.068359375,-3.63373E-06,-0.068359375,-3.65265E-06
-0.070800781,-4.09393E-06,-0.070800781,-3.8858E-06,-0.070800781,-3.67645E-06,-0.070800781,-3.69263E-06
-0.073242188,-4.13849E-06,-0.073242188,-3.92609E-06,-0.073242188,-3.71613E-06,-0.073242188,-3.72955E-06
-0.075683594,-4.17816E-06,-0.075683594,-3.96362E-06,-0.075683594,-3.75275E-06,-0.075683594,-3.76526E-06
-0.078125,-4.21539E-06,-0.078125,-3.99628E-06,-0.078125,-3.78937E-06,-0.078125,-3.80066E-06
-0.080566406,-4.24835E-06,-0.080566406,-4.02649E-06,-0.080566406,-3.82324E-06,-0.080566406,-3.83362E-06
-0.083007813,-4.27643E-06,-0.083007813,-4.05426E-06,-0.083007813,-3.85223E-06,-0.083007813,-3.86322E-06
-0.085449219,-4.30328E-06,-0.085449219,-4.07867E-06,-0.085449219,-3.88062E-06,-0.085449219,-3.89252E-06
-0.087890625,-4.32678E-06,-0.087890625,-4.10065E-06,-0.087890625,-3.90625E-06,-0.087890625,-3.91815E-06
-0.090332031,-4.34692E-06,-0.090332031,-4.11957E-06,-0.090332031,-3.92792E-06,-0.090332031,-3.94287E-06
-0.092773438,-4.36432E-06,-0.092773438,-4.13696E-06,-0.092773438,-3.94867E-06,-0.092773438,-3.96545E-06
-0.095214844,-4.37927E-06,-0.095214844,-4.15192E-06,-0.095214844,-3.9679E-06,-0.095214844,-3.98621E-06
-0.09765625,-4.39178E-06,-0.09765625,-4.16504E-06,-0.09765625,-3.98499E-06,-0.09765625,-4.00513E-06
-0.100097656,-4.40186E-06,-0.100097656,-4.1748E-06,-0.100097656,-3.99963E-06,-0.100097656,-4.02405E-06
-0.102539063,-4.40857E-06,-0.102539063,-4.18427E-06,-0.102539063,-4.01306E-06,-0.102539063,-4.039E-06
-0.104980469,-4.41345E-06,-0.104980469,-4.19006E-06,-0.104980469,-4.02283E-06,-0.104980469,-4.05334E-06
-0.107421875,-4.41711E-06,-0.107421875,-4.19312E-06,-0.107421875,-4.03229E-06,-0.107421875,-4.06647E-06
-0.109863281,-4.41742E-06,-0.109863281,-4.19525E-06,-0.109863281,-4.03931E-06,-0.109863281,-4.07837E-06
-0.112304688,-4.41528E-06,-0.112304688,-4.19403E-06,-0.112304688,-4.0451E-06,-0.112304688,-4.08813E-06
-0.114746094,-4.41223E-06,-0.114746094,-4.1925E-06,-0.114746094,-4.04846E-06,-0.114746094,-4.09729E-06
-0.1171875,-4.40674E-06,-0.1171875,-4.18976E-06,-0.1171875,-4.05029E-06,-0.1171875,-4.10278E-06
-0.119628906,-4.39911E-06,-0.119628906,-4.18457E-06,-0.119628906,-4.04907E-06,-0.119628906,-4.10797E-06
-0.122070313,-4.38965E-06,-0.122070313,-4.17694E-06,-0.122070313,-4.04724E-06,-0.122070313,-4.11224E-06
-0.124511719,-4.38019E-06,-0.124511719,-4.16962E-06,-0.124511719,-4.04327E-06,-0.124511719,-4.11469E-06
-0.126953125,-4.37073E-06,-0.126953125,-4.16168E-06,-0.126953125,-4.03961E-06,-0.126953125,-4.11407E-06
-0.129394531,-4.35883E-06,-0.129394531,-4.15039E-06,-0.129394531,-4.03442E-06,-0.129394531,-4.11224E-06
-0.131835938,-4.34662E-06,-0.131835938,-4.14185E-06,-0.131835938,-4.02893E-06,-0.131835938,-4.11102E-06
-0.134277344,-4.33411E-06,-0.134277344,-4.13208E-06,-0.134277344,-4.02191E-06,-0.134277344,-4.1095E-06
-0.13671875,-4.32068E-06,-0.13671875,-4.12018E-06,-0.13671875,-4.01459E-06,-0.13671875,-4.10492E-06
-0.139160156,-4.30664E-06,-0.139160156,-4.10889E-06,-0.139160156,-4.00543E-06,-0.139160156,-4.10095E-06
-0.141601563,-4.29169E-06,-0.141601563,-4.09607E-06,-0.141601563,-3.99658E-06,-0.141601563,-4.09546E-06
-0.144042969,-4.27765E-06,-0.144042969,-4.08356E-06,-0.144042969,-3.98621E-06,-0.144042969,-4.08997E-06
-0.146484375,-4.26239E-06,-0.146484375,-4.06921E-06,-0.146484375,-3.97614E-06,-0.146484375,-4.08569E-06
-0.148925781,-4.24469E-06,-0.148925781,-4.05579E-06,-0.148925781,-3.96484E-06,-0.148925781,-4.07745E-06
-0.151367188,-4.22852E-06,-0.151367188,-4.04175E-06,-0.151367188,-3.95203E-06,-0.151367188,-4.07074E-06
-0.153808594,-4.21173E-06,-0.153808594,-4.02649E-06,-0.153808594,-3.93921E-06,-0.153808594,-4.06372E-06
-0.15625,-4.19403E-06,-0.15625,-4.01276E-06,-0.15625,-3.9267E-06,-0.15625,-4.05457E-06
-0.158691406,-4.17694E-06,-0.158691406,-3.99567E-06,-0.158691406,-3.91266E-06,-0.158691406,-4.0451E-06
-0.161132813,-4.16077E-06,-0.161132813,-3.98102E-06,-0.161132813,-3.89923E-06,-0.161132813,-4.03442E-06
-0.163574219,-4.14429E-06,-0.163574219,-3.96667E-06,-0.163574219,-3.88702E-06,-0.163574219,-4.02374E-06
-0.166015625,-4.1272E-06,-0.166015625,-3.95081E-06,-0.166015625,-3.8739E-06,-0.166015625,-4.01245E-06
-0.168457031,-4.11072E-06,-0.168457031,-3.93738E-06,-0.168457031,-3.86108E-06,-0.168457031,-4.00024E-06
-0.170898438,-4.09515E-06,-0.170898438,-3.92242E-06,-0.170898438,-3.84644E-06,-0.170898438,-3.99017E-06
-0.173339844,-4.07898E-06,-0.173339844,-3.90839E-06,-0.173339844,-3.83331E-06,-0.173339844,-3.97949E-06
-0.17578125,-4.0625E-06,-0.17578125,-3.89282E-06,-0.17578125,-3.82019E-06,-0.17578125,-3.9679E-06
-0.178222656,-4.04633E-06,-0.178222656,-3.88031E-06,-0.178222656,-3.80737E-06,-0.178222656,-3.95721E-06
-0.180664063,-4.02954E-06,-0.180664063,-3.86658E-06,-0.180664063,-3.79242E-06,-0.180664063,-3.94531E-06
-0.183105469,-4.01306E-06,-0.183105469,-3.85193E-06,-0.183105469,-3.7793E-06,-0.183105469,-3.93616E-06
-0.185546875,-3.99689E-06,-0.185546875,-3.8382E-06,-0.185546875,-3.76678E-06,-0.185546875,-3.92456E-06
-0.187988281,-3.98071E-06,-0.187988281,-3.82416E-06,-0.187988281,-3.75275E-06,-0.187988281,-3.91418E-06
-0.190429688,-3.96362E-06,-0.190429688,-3.80981E-06,-0.190429688,-3.73901E-06,-0.190429688,-3.90198E-06
-0.192871094,-3.94806E-06,-0.192871094,-3.79547E-06,-0.192871094,-3.72559E-06,-0.192871094,-3.89221E-06
-0.1953125,-3.9325E-06,-0.1953125,-3.78235E-06,-0.1953125,-3.71094E-06,-0.1953125,-3.87939E-06
-0.197753906,-3.91724E-06,-0.197753906,-3.76831E-06,-0.197753906,-3.69781E-06,-0.197753906,-3.86719E-06
-0.200195313,-3.90381E-06,-0.200195313,-3.75519E-06,-0.200195313,-3.685E-06,-0.200195313,-3.8562E-06
-0.202636719,-3.88855E-06,-0.202636719,-3.74207E-06,-0.202636719,-3.67279E-06,-0.202636719,-3.8443E-06
-0.205078125,-3.87512E-06,-0.205078125,-3.72925E-06,-0.205078125,-3.66028E-06,-0.205078125,-3.83301E-06
-0.207519531,-3.85956E-06,-0.207519531,-3.71613E-06,-0.207519531,-3.64746E-06,-0.207519531,-3.81989E-06
-0.209960938,-3.84613E-06,-0.209960938,-3.70361E-06,-0.209960938,-3.63525E-06,-0.209960938,-3.80981E-06
-0.212402344,-3.83087E-06,-0.212402344,-3.6911E-06,-0.212402344,-3.62457E-06,-0.212402344,-3.79852E-06
-0.21484375,-3.81714E-06,-0.21484375,-3.68073E-06,-0.21484375,-3.61298E-06,-0.21484375,-3.78906E-06
-0.217285156,-3.80219E-06,-0.217285156,-3.66699E-06,-0.217285156,-3.60046E-06,-0.217285156,-3.77869E-06
-0.219726563,-3.78754E-06,-0.219726563,-3.6554E-06,-0.219726563,-3.58948E-06,-0.219726563,-3.76801E-06
-0.222167969,-3.77228E-06,-0.222167969,-3.64288E-06,-0.222167969,-3.57697E-06,-0.222167969,-3.76038E-06
-0.224609375,-3.75885E-06,-0.224609375,-3.63129E-06,-0.224609375,-3.56476E-06,-0.224609375,-3.75061E-06
-0.227050781,-3.74451E-06,-0.227050781,-3.61816E-06,-0.227050781,-3.55225E-06,-0.227050781,-3.73962E-06
-0.229492188,-3.73047E-06,-0.229492188,-3.60565E-06,-0.229492188,-3.54095E-06,-0.229492188,-3.73138E-06
-0.231933594,-3.71674E-06,-0.231933594,-3.59436E-06,-0.231933594,-3.52905E-06,-0.231933594,-3.71979E-06
-0.234375,-3.70422E-06,-0.234375,-3.58337E-06,-0.234375,-3.51868E-06,-0.234375,-3.70911E-06
-0.236816406,-3.69171E-06,-0.236816406,-3.57239E-06,-0.236816406,-3.508E-06,-0.236816406,-3.69873E-06
-0.239257813,-3.67828E-06,-0.239257813,-3.56171E-06,-0.239257813,-3.49701E-06,-0.239257813,-3.68866E-06
-0.241699219,-3.66608E-06,-0.241699219,-3.55133E-06,-0.241699219,-3.48907E-06,-0.241699219,-3.6792E-06
-0.244140625,-3.65295E-06,-0.244140625,-3.54065E-06,-0.244140625,-3.47839E-06,-0.244140625,-3.67126E-06
-0.246582031,-3.63983E-06,-0.246582031,-3.53058E-06,-0.246582031,-3.46832E-06,-0.246582031,-3.6615E-06
-0.249023438,-3.62732E-06,-0.249023438,-3.52142E-06,-0.249023438,-3.45795E-06,-0.249023438,-3.65417E-06
-0.251464844,-3.61389E-06,-0.251464844,-3.51074E-06,-0.251464844,-3.45001E-06,-0.251464844,-3.64532E-06
-0.25390625,-3.60077E-06,-0.25390625,-3.50128E-06,-0.25390625,-3.43994E-06,-0.25390625,-3.63922E-06
-0.256347656,-3.58704E-06,-0.256347656,-3.4903E-06,-0.256347656,-3.43018E-06,-0.256347656,-3.63159E-06
-0.258789063,-3.5733E-06,-0.258789063,-3.48022E-06,-0.258789063,-3.4198E-06,-0.258789063,-3.62305E-06
-0.261230469,-3.56293E-06,-0.261230469,-3.46924E-06,-0.261230469,-3.40942E-06,-0.261230469,-3.61603E-06
-0.263671875,-3.5495E-06,-0.263671875,-3.45795E-06,-0.263671875,-3.40179E-06,-0.263671875,-3.60901E-06
-0.266113281,-3.53821E-06,-0.266113281,-3.44696E-06,-0.266113281,-3.39172E-06,-0.266113281,-3.59985E-06
-0.268554688,-3.52692E-06,-0.268554688,-3.43781E-06,-0.268554688,-3.38348E-06,-0.268554688,-3.59161E-06
-0.270996094,-3.51471E-06,-0.270996094,-3.42896E-06,-0.270996094,-3.37463E-06,-0.270996094,-3.58429E-06
-0.2734375,-3.50342E-06,-0.2734375,-3.4198E-06,-0.2734375,-3.36639E-06,-0.2734375,-3.57635E-06
-0.275878906,-3.49335E-06,-0.275878906,-3.41064E-06,-0.275878906,-3.35907E-06,-0.275878906,-3.56995E-06
-0.278320313,-3.48145E-06,-0.278320313,-3.4021E-06,-0.278320313,-3.34991E-06,-0.278320313,-3.5614E-06
-0.280761719,-3.46954E-06,-0.280761719,-3.39264E-06,-0.280761719,-3.34259E-06,-0.280761719,-3.5553E-06
-0.283203125,-3.45764E-06,-0.283203125,-3.38409E-06,-0.283203125,-3.33557E-06,-0.283203125,-3.55011E-06
-0.285644531,-3.44452E-06,-0.285644531,-3.37585E-06,-0.285644531,-3.32733E-06,-0.285644531,-3.54462E-06
-0.288085938,-3.43231E-06,-0.288085938,-3.367E-06,-0.288085938,-3.32153E-06,-0.288085938,-3.53729E-06
-0.290527344,-3.42133E-06,-0.290527344,-3.35907E-06,-0.290527344,-3.3139E-06,-0.290527344,-3.53546E-06
-0.29296875,-3.40851E-06,-0.29296875,-3.35022E-06,-0.29296875,-3.30566E-06,-0.29296875,-3.52844E-06
-0.295410156,-3.3963E-06,-0.295410156,-3.33954E-06,-0.295410156,-3.29895E-06,-0.295410156,-3.52295E-06
-0.297851563,-3.3844E-06,-0.297851563,-3.3316E-06,-0.297851563,-3.2901E-06,-0.297851563,-3.51746E-06
-0.300292969,-3.3728E-06,-0.300292969,-3.32245E-06,-0.300292969,-3.28033E-06,-0.300292969,-3.51227E-06
-0.302734375,-3.36212E-06,-0.302734375,-3.31299E-06,-0.302734375,-3.27484E-06,-0.302734375,-3.50677E-06
-0.305175781,-3.35236E-06,-0.305175781,-3.30322E-06,-0.305175781,-3.26813E-06,-0.305175781,-3.49976E-06
-0.307617188,-3.34106E-06,-0.307617188,-3.29651E-06,-0.307617188,-3.26111E-06,-0.307617188,-3.49365E-06
-0.310058594,-3.33008E-06,-0.310058594,-3.28766E-06,-0.310058594,-3.2547E-06,-0.310058594,-3.48846E-06
-0.3125,-3.31909E-06,-0.3125,-3.2785E-06,-0.3125,-3.24799E-06,-0.3125,-3.48297E-06
-0.314941406,-3.30963E-06,-0.314941406,-3.27087E-06,-0.314941406,-3.2431E-06,-0.314941406,-3.47931E-06
-0.317382813,-3.29834E-06,-0.317382813,-3.26233E-06,-0.317382813,-3.23669E-06,-0.317382813,-3.47198E-06
-0.319824219,-3.28613E-06,-0.319824219,-3.25378E-06,-0.319824219,-3.22998E-06,-0.319824219,-3.46802E-06
-0.322265625,-3.27515E-06,-0.322265625,-3.24615E-06,-0.322265625,-3.22296E-06,-0.322265625,-3.46283E-06
-0.324707031,-3.26263E-06,-0.324707031,-3.23792E-06,-0.324707031,-3.21564E-06,-0.324707031,-3.45917E-06
-0.327148438,-3.25134E-06,-0.327148438,-3.23029E-06,-0.327148438,-3.20801E-06,-0.327148438,-3.45337E-06
-0.329589844,-3.23853E-06,-0.329589844,-3.22083E-06,-0.329589844,-3.20129E-06,-0.329589844,-3.45032E-06
-0.33203125,-3.22815E-06,-0.33203125,-3.21136E-06,-0.33203125,-3.19397E-06,-0.33203125,-3.44543E-06
-0.334472656,-3.21594E-06,-0.334472656,-3.20099E-06,-0.334472656,-3.18695E-06,-0.334472656,-3.43994E-06
-0.336914063,-3.20587E-06,-0.336914063,-3.19061E-06,-0.336914063,-3.17902E-06,-0.336914063,-3.43475E-06
-0.339355469,-3.19489E-06,-0.339355469,-3.18146E-06,-0.339355469,-3.17291E-06,-0.339355469,-3.42773E-06
-0.341796875,-3.1839E-06,-0.341796875,-3.17169E-06,-0.341796875,-3.16589E-06,-0.341796875,-3.42407E-06
-0.344238281,-3.17383E-06,-0.344238281,-3.16315E-06,-0.344238281,-3.15979E-06,-0.344238281,-3.41644E-06
-0.346679688,-3.16284E-06,-0.346679688,-3.1543E-06,-0.346679688,-3.15216E-06,-0.346679688,-3.41156E-06
-0.349121094,-3.15002E-06,-0.349121094,-3.14636E-06,-0.349121094,-3.14514E-06,-0.349121094,-3.40637E-06
-0.3515625,-3.13934E-06,-0.3515625,-3.13782E-06,-0.3515625,-3.13812E-06,-0.3515625,-3.4021E-06
-0.354003906,-3.12622E-06,-0.354003906,-3.12744E-06,-0.354003906,-3.13171E-06,-0.354003906,-3.39569E-06
-0.356445313,-3.11462E-06,-0.356445313,-3.11859E-06,-0.356445313,-3.12469E-06,-0.356445313,-3.39203E-06
-0.358886719,-3.10211E-06,-0.358886719,-3.10913E-06,-0.358886719,-3.11829E-06,-0.358886719,-3.38654E-06
-0.361328125,-3.0899E-06,-0.361328125,-3.09845E-06,-0.361328125,-3.11157E-06,-0.361328125,-3.38226E-06
-0.363769531,-3.07831E-06,-0.363769531,-3.08838E-06,-0.363769531,-3.10181E-06,-0.363769531,-3.37494E-06
-0.366210938,-3.0661E-06,-0.366210938,-3.07831E-06,-0.366210938,-3.09296E-06,-0.366210938,-3.37097E-06
-0.368652344,-3.05481E-06,-0.368652344,-3.06885E-06,-0.368652344,-3.08502E-06,-0.368652344,-3.36548E-06
-0.37109375,-3.04352E-06,-0.37109375,-3.05817E-06,-0.37109375,-3.07495E-06,-0.37109375,-3.35846E-06
-0.373535156,-3.03192E-06,-0.373535156,-3.04688E-06,-0.373535156,-3.0658E-06,-0.373535156,-3.35083E-06
-0.375976563,-3.02063E-06,-0.375976563,-3.03558E-06,-0.375976563,-3.05847E-06,-0.375976563,-3.34259E-06
-0.378417969,-3.00903E-06,-0.378417969,-3.0249E-06,-0.378417969,-3.05023E-06,-0.378417969,-3.33527E-06
-0.380859375,-2.99927E-06,-0.380859375,-3.01483E-06,-0.380859375,-3.04169E-06,-0.380859375,-3.32611E-06
-0.383300781,-2.98706E-06,-0.383300781,-3.00201E-06,-0.383300781,-3.03253E-06,-0.383300781,-3.32031E-06
-0.385742188,-2.97485E-06,-0.385742188,-2.99347E-06,-0.385742188,-3.02399E-06,-0.385742188,-3.31055E-06
-0.388183594,-2.96356E-06,-0.388183594,-2.98248E-06,-0.388183594,-3.01514E-06,-0.388183594,-3.30383E-06
-0.390625,-2.95105E-06,-0.390625,-2.97241E-06,-0.390625,-3.00629E-06,-0.390625,-3.29803E-06
-0.393066406,-2.93793E-06,-0.393066406,-2.96112E-06,-0.393066406,-2.99713E-06,-0.393066406,-3.28918E-06
-0.395507813,-2.92664E-06,-0.395507813,-2.95074E-06,-0.395507813,-2.98553E-06,-0.395507813,-3.28156E-06
-0.397949219,-2.91534E-06,-0.397949219,-2.93915E-06,-0.397949219,-2.97607E-06,-0.397949219,-3.27393E-06
-0.400390625,-2.90375E-06,-0.400390625,-2.92816E-06,-0.400390625,-2.96509E-06,-0.400390625,-3.26599E-06
-0.402832031,-2.89276E-06,-0.402832031,-2.91748E-06,-0.402832031,-2.95532E-06,-0.402832031,-3.25836E-06
-0.405273438,-2.88177E-06,-0.405273438,-2.90619E-06,-0.405273438,-2.94373E-06,-0.405273438,-3.24646E-06
-0.407714844,-2.87109E-06,-0.407714844,-2.89368E-06,-0.407714844,-2.93396E-06,-0.407714844,-3.23792E-06
-0.41015625,-2.86163E-06,-0.41015625,-2.88208E-06,-0.41015625,-2.92389E-06,-0.41015625,-3.22693E-06
-0.412597656,-2.85156E-06,-0.412597656,-2.87018E-06,-0.412597656,-2.9129E-06,-0.412597656,-3.21686E-06
-0.415039063,-2.84027E-06,-0.415039063,-2.85919E-06,-0.415039063,-2.90161E-06,-0.415039063,-3.20526E-06
-0.417480469,-2.82959E-06,-0.417480469,-2.84729E-06,-0.417480469,-2.89154E-06,-0.417480469,-3.19519E-06
-0.419921875,-2.81952E-06,-0.419921875,-2.83661E-06,-0.419921875,-2.88239E-06,-0.419921875,-3.18604E-06
-0.422363281,-2.80823E-06,-0.422363281,-2.82593E-06,-0.422363281,-2.8717E-06,-0.422363281,-3.17535E-06
-0.424804688,-2.79663E-06,-0.424804688,-2.81586E-06,-0.424804688,-2.86255E-06,-0.424804688,-3.1665E-06
-0.427246094,-2.78687E-06,-0.427246094,-2.8064E-06,-0.427246094,-2.85126E-06,-0.427246094,-3.15765E-06
-0.4296875,-2.7771E-06,-0.4296875,-2.79755E-06,-0.4296875,-2.84149E-06,-0.4296875,-3.14819E-06
-0.432128906,-2.76764E-06,-0.432128906,-2.78595E-06,-0.432128906,-2.83203E-06,-0.432128906,-3.14087E-06
-0.434570313,-2.75818E-06,-0.434570313,-2.77618E-06,-0.434570313,-2.82166E-06,-0.434570313,-3.13019E-06
-0.437011719,-2.74841E-06,-0.437011719,-2.76764E-06,-0.437011719,-2.81158E-06,-0.437011719,-3.11981E-06
-0.439453125,-2.74048E-06,-0.439453125,-2.75665E-06,-0.439453125,-2.80029E-06,-0.439453125,-3.11096E-06
-0.441894531,-2.73193E-06,-0.441894531,-2.74689E-06,-0.441894531,-2.78931E-06,-0.441894531,-3.10059E-06
-0.444335938,-2.72491E-06,-0.444335938,-2.73651E-06,-0.444335938,-2.77954E-06,-0.444335938,-3.0896E-06
-0.446777344,-2.71667E-06,-0.446777344,-2.72583E-06,-0.446777344,-2.76978E-06,-0.446777344,-3.08044E-06
-0.44921875,-2.70874E-06,-0.44921875,-2.71759E-06,-0.44921875,-2.76215E-06,-0.44921875,-3.06976E-06
-0.451660156,-2.70111E-06,-0.451660156,-2.70935E-06,-0.451660156,-2.7536E-06,-0.451660156,-3.05908E-06
-0.454101563,-2.69348E-06,-0.454101563,-2.70081E-06,-0.454101563,-2.74414E-06,-0.454101563,-3.05115E-06
-0.456542969,-2.68677E-06,-0.456542969,-2.69348E-06,-0.456542969,-2.73651E-06,-0.456542969,-3.04169E-06
-0.458984375,-2.68158E-06,-0.458984375,-2.68585E-06,-0.458984375,-2.72919E-06,-0.458984375,-3.03436E-06
-0.461425781,-2.67365E-06,-0.461425781,-2.67822E-06,-0.461425781,-2.72217E-06,-0.461425781,-3.02704E-06
-0.463867188,-2.66602E-06,-0.463867188,-2.67212E-06,-0.463867188,-2.71545E-06,-0.463867188,-3.02002E-06
-0.466308594,-2.66022E-06,-0.466308594,-2.66571E-06,-0.466308594,-2.70905E-06,-0.466308594,-3.01483E-06
-0.46875,-2.65442E-06,-0.46875,-2.6593E-06,-0.46875,-2.70081E-06,-0.46875,-3.00659E-06
-0.471191406,-2.64923E-06,-0.471191406,-2.6535E-06,-0.471191406,-2.69287E-06,-0.471191406,-2.99927E-06
-0.473632813,-2.64435E-06,-0.473632813,-2.64832E-06,-0.473632813,-2.68616E-06,-0.473632813,-2.99164E-06
-0.476074219,-2.64038E-06,-0.476074219,-2.64343E-06,-0.476074219,-2.67975E-06,-0.476074219,-2.98584E-06
-0.478515625,-2.6358E-06,-0.478515625,-2.63672E-06,-0.478515625,-2.67334E-06,-0.478515625,-2.97913E-06
-0.480957031,-2.63336E-06,-0.480957031,-2.63123E-06,-0.480957031,-2.66785E-06,-0.480957031,-2.97211E-06
-0.483398438,-2.63062E-06,-0.483398438,-2.62573E-06,-0.483398438,-2.66388E-06,-0.483398438,-2.96661E-06
-0.485839844,-2.62726E-06,-0.485839844,-2.62085E-06,-0.485839844,-2.65991E-06,-0.485839844,-2.96051E-06
-0.48828125,-2.62421E-06,-0.48828125,-2.62024E-06,-0.48828125,-2.65808E-06,-0.48828125,-2.95502E-06
-0.490722656,-2.62207E-06,-0.490722656,-2.61566E-06,-0.490722656,-2.6532E-06,-0.490722656,-2.94952E-06
-0.493164063,-2.61963E-06,-0.493164063,-2.61322E-06,-0.493164063,-2.64984E-06,-0.493164063,-2.94434E-06
-0.495605469,-2.61658E-06,-0.495605469,-2.61078E-06,-0.495605469,-2.64771E-06,-0.495605469,-2.94128E-06
-0.498046875,-2.61444E-06,-0.498046875,-2.60956E-06,-0.498046875,-2.64587E-06,-0.498046875,-2.94037E-06
-0.500488281,-2.61322E-06,-0.500488281,-2.60742E-06,-0.500488281,-2.64282E-06,-0.500488281,-2.9361E-06
-0.498046875,-2.46002E-06,-0.498046875,-2.44507E-06,-0.498046875,-2.47253E-06,-0.498046875,-2.74872E-06
-0.495605469,-2.36115E-06,-0.495605469,-2.34161E-06,-0.495605469,-2.36572E-06,-0.495605469,-2.63E-06
-0.493164063,-2.2876E-06,-0.493164063,-2.2641E-06,-0.493164063,-2.28668E-06,-0.493164063,-2.54395E-06
-0.490722656,-2.2287E-06,-0.490722656,-2.20367E-06,-0.490722656,-2.2226E-06,-0.490722656,-2.47375E-06
-0.48828125,-2.18018E-06,-0.48828125,-2.15271E-06,-0.48828125,-2.17346E-06,-0.48828125,-2.4176E-06
-0.485839844,-2.13837E-06,-0.485839844,-2.11029E-06,-0.485839844,-2.12982E-06,-0.485839844,-2.36877E-06
-0.483398438,-2.10297E-06,-0.483398438,-2.07336E-06,-0.483398438,-2.0929E-06,-0.483398438,-2.32788E-06
-0.480957031,-2.07214E-06,-0.480957031,-2.04041E-06,-0.480957031,-2.06207E-06,-0.480957031,-2.29065E-06
-0.478515625,-2.04498E-06,-0.478515625,-2.01233E-06,-0.478515625,-2.03461E-06,-0.478515625,-2.25922E-06
-0.476074219,-2.01935E-06,-0.476074219,-1.98853E-06,-0.476074219,-2.01019E-06,-0.476074219,-2.23022E-06
-0.473632813,-1.99707E-06,-0.473632813,-1.96594E-06,-0.473632813,-1.98822E-06,-0.473632813,-2.20551E-06
-0.471191406,-1.97571E-06,-0.471191406,-1.9458E-06,-0.471191406,-1.9696E-06,-0.471191406,-2.18323E-06
-0.46875,-1.95648E-06,-0.46875,-1.92657E-06,-0.46875,-1.94977E-06,-0.46875,-2.16339E-06
-0.466308594,-1.93848E-06,-0.466308594,-1.91101E-06,-0.466308594,-1.9339E-06,-0.466308594,-2.14386E-06
-0.463867188,-1.92352E-06,-0.463867188,-1.89545E-06,-0.463867188,-1.91833E-06,-0.463867188,-2.12616E-06
-0.461425781,-1.90765E-06,-0.461425781,-1.8811E-06,-0.461425781,-1.90125E-06,-0.461425781,-2.11121E-06
-0.458984375,-1.89484E-06,-0.458984375,-1.86737E-06,-0.458984375,-1.88782E-06,-0.458984375,-2.09534E-06
-0.456542969,-1.88202E-06,-0.456542969,-1.85333E-06,-0.456542969,-0.000001875,-0.456542969,-2.08099E-06
-0.454101563,-1.86951E-06,-0.454101563,-1.84143E-06,-0.454101563,-1.86096E-06,-0.454101563,-2.06543E-06
-0.451660156,-1.85822E-06,-0.451660156,-1.82953E-06,-0.451660156,-1.84875E-06,-0.451660156,-2.05231E-06
-0.44921875,-1.84784E-06,-0.44921875,-1.81763E-06,-0.44921875,-1.83716E-06,-0.44921875,-2.03766E-06
-0.446777344,-1.83746E-06,-0.446777344,-1.80603E-06,-0.446777344,-1.82587E-06,-0.446777344,-2.02576E-06
-0.444335938,-1.82678E-06,-0.444335938,-1.79504E-06,-0.444335938,-1.81519E-06,-0.444335938,-2.01263E-06
-0.441894531,-1.81763E-06,-0.441894531,-1.78375E-06,-0.441894531,-1.80573E-06,-0.441894531,-1.99951E-06
-0.439453125,-1.80634E-06,-0.439453125,-1.77521E-06,-0.439453125,-1.79565E-06,-0.439453125,-1.9873E-06
-0.437011719,-1.79626E-06,-0.437011719,-1.76483E-06,-0.437011719,-1.78589E-06,-0.437011719,-1.97632E-06
-0.434570313,-1.78711E-06,-0.434570313,-1.75659E-06,-0.434570313,-1.77704E-06,-0.434570313,-1.96472E-06
-0.432128906,-1.77673E-06,-0.432128906,-1.74713E-06,-0.432128906,-1.76758E-06,-0.432128906,-1.95435E-06
-0.4296875,-1.7688E-06,-0.4296875,-1.73889E-06,-0.4296875,-1.75812E-06,-0.4296875,-1.94458E-06
-0.427246094,-1.76056E-06,-0.427246094,-1.73126E-06,-0.427246094,-1.74988E-06,-0.427246094,-1.93512E-06
-0.424804688,-1.75354E-06,-0.424804688,-1.72211E-06,-0.424804688,-1.74011E-06,-0.424804688,-1.92627E-06
-0.422363281,-1.74469E-06,-0.422363281,-1.71387E-06,-0.422363281,-1.73157E-06,-0.422363281,-1.91528E-06
-0.419921875,-1.73737E-06,-0.419921875,-1.70685E-06,-0.419921875,-1.72058E-06,-0.419921875,-1.90491E-06
-0.417480469,-1.73096E-06,-0.417480469,-1.698E-06,-0.417480469,-1.71143E-06,-0.417480469,-1.89484E-06
-0.415039063,-1.72363E-06,-0.415039063,-1.69006E-06,-0.415039063,-1.7041E-06,-0.415039063,-1.88477E-06
-0.412597656,-1.716E-06,-0.412597656,-1.68213E-06,-0.412597656,-1.69403E-06,-0.412597656,-1.87439E-06
-0.41015625,-1.70929E-06,-0.41015625,-1.67328E-06,-0.41015625,-1.68793E-06,-0.41015625,-1.86279E-06
-0.407714844,-1.70258E-06,-0.407714844,-1.66504E-06,-0.407714844,-1.67877E-06,-0.407714844,-1.85211E-06
-0.405273438,-1.69373E-06,-0.405273438,-1.65802E-06,-0.405273438,-1.67084E-06,-0.405273438,-1.84326E-06
-0.402832031,-1.6864E-06,-0.402832031,-1.64948E-06,-0.402832031,-1.66321E-06,-0.402832031,-1.8338E-06
-0.400390625,-1.67847E-06,-0.400390625,-1.64307E-06,-0.400390625,-1.65558E-06,-0.400390625,-1.82281E-06
-0.397949219,-1.67114E-06,-0.397949219,-1.63635E-06,-0.397949219,-1.64734E-06,-0.397949219,-1.8158E-06
-0.395507813,-1.66412E-06,-0.395507813,-1.62903E-06,-0.395507813,-1.64001E-06,-0.395507813,-1.80817E-06
-0.393066406,-1.65771E-06,-0.393066406,-1.62201E-06,-0.393066406,-1.63147E-06,-0.393066406,-1.79871E-06
-0.390625,-1.65039E-06,-0.390625,-1.61469E-06,-0.390625,-1.62354E-06,-0.390625,-1.78986E-06
-0.388183594,-1.6452E-06,-0.388183594,-1.60767E-06,-0.388183594,-1.6153E-06,-0.388183594,-1.78009E-06
-0.385742188,-1.63849E-06,-0.385742188,-1.60065E-06,-0.385742188,-1.60553E-06,-0.385742188,-1.77063E-06
-0.383300781,-1.63177E-06,-0.383300781,-1.59271E-06,-0.383300781,-1.5976E-06,-0.383300781,-1.76147E-06
-0.380859375,-1.62598E-06,-0.380859375,-1.586E-06,-0.380859375,-1.58875E-06,-0.380859375,-1.75293E-06
-0.378417969,-1.62048E-06,-0.378417969,-1.57837E-06,-0.378417969,-1.58081E-06,-0.378417969,-1.74316E-06
-0.375976563,-1.61438E-06,-0.375976563,-1.56982E-06,-0.375976563,-1.57318E-06,-0.375976563,-1.7337E-06
-0.373535156,-1.60767E-06,-0.373535156,-1.56219E-06,-0.373535156,-1.56586E-06,-0.373535156,-1.7215E-06
-0.37109375,-1.60034E-06,-0.37109375,-1.55487E-06,-0.37109375,-1.55792E-06,-0.37109375,-1.71295E-06
-0.368652344,-1.59393E-06,-0.368652344,-1.54755E-06,-0.368652344,-1.5506E-06,-0.368652344,-1.70288E-06
-0.366210938,-1.58661E-06,-0.366210938,-1.54022E-06,-0.366210938,-1.54327E-06,-0.366210938,-1.69525E-06
-0.363769531,-1.57898E-06,-0.363769531,-1.53412E-06,-0.363769531,-1.53473E-06,-0.363769531,-1.68488E-06
-0.361328125,-1.57257E-06,-0.361328125,-1.5274E-06,-0.361328125,-1.52802E-06,-0.361328125,-1.67755E-06
-0.358886719,-1.56616E-06,-0.358886719,-1.52039E-06,-0.358886719,-1.521E-06,-0.358886719,-1.6684E-06
-0.356445313,-1.56067E-06,-0.356445313,-1.51367E-06,-0.356445313,-1.51123E-06,-0.356445313,-1.65955E-06
-0.354003906,-1.55457E-06,-0.354003906,-1.50665E-06,-0.354003906,-1.50208E-06,-0.354003906,-1.65222E-06
-0.3515625,-1.54846E-06,-0.3515625,-1.50024E-06,-0.3515625,-1.49353E-06,-0.3515625,-1.64307E-06
-0.349121094,-1.54205E-06,-0.349121094,-1.49292E-06,-0.349121094,-1.48376E-06,-0.349121094,-1.63452E-06
-0.346679688,-1.53625E-06,-0.346679688,-1.4856E-06,-0.346679688,-1.47675E-06,-0.346679688,-1.62476E-06
-0.344238281,-1.52985E-06,-0.344238281,-1.47858E-06,-0.344238281,-1.46881E-06,-0.344238281,-1.61652E-06
-0.341796875,-1.52344E-06,-0.341796875,-1.47003E-06,-0.341796875,-1.45996E-06,-0.341796875,-1.60522E-06
-0.339355469,-1.51764E-06,-0.339355469,-1.4624E-06,-0.339355469,-1.45294E-06,-0.339355469,-1.59454E-06
-0.336914063,-1.51123E-06,-0.336914063,-1.45386E-06,-0.336914063,-1.44562E-06,-0.336914063,-1.58478E-06
-0.334472656,-1.50269E-06,-0.334472656,-1.44775E-06,-0.334472656,-1.43829E-06,-0.334472656,-1.57471E-06
-0.33203125,-1.49567E-06,-0.33203125,-1.43921E-06,-0.33203125,-1.43066E-06,-0.33203125,-1.56525E-06
-0.329589844,-1.48834E-06,-0.329589844,-1.4328E-06,-0.329589844,-1.42242E-06,-0.329589844,-1.5564E-06
-0.327148438,-1.48041E-06,-0.327148438,-1.42517E-06,-0.327148438,-1.41418E-06,-0.327148438,-1.54785E-06
-0.324707031,-1.47461E-06,-0.324707031,-1.41815E-06,-0.324707031,-1.40625E-06,-0.324707031,-1.53961E-06
-0.322265625,-1.46881E-06,-0.322265625,-1.41144E-06,-0.322265625,-1.39648E-06,-0.322265625,-1.53046E-06
-0.319824219,-1.46179E-06,-0.319824219,-1.40411E-06,-0.319824219,-1.38794E-06,-0.319824219,-1.52161E-06
-0.317382813,-1.45508E-06,-0.317382813,-1.39618E-06,-0.317382813,-1.37665E-06,-0.317382813,-1.51428E-06
-0.314941406,-1.44836E-06,-0.314941406,-1.38916E-06,-0.314941406,-1.36871E-06,-0.314941406,-1.50452E-06
-0.3125,-1.44287E-06,-0.3125,-1.38092E-06,-0.3125,-1.35925E-06,-0.3125,-1.49414E-06
-0.310058594,-1.43585E-06,-0.310058594,-1.37299E-06,-0.310058594,-1.35101E-06,-0.310058594,-1.48468E-06
-0.307617188,-1.42914E-06,-0.307617188,-1.36505E-06,-0.307617188,-1.34277E-06,-0.307617188,-1.47247E-06
-0.305175781,-1.42242E-06,-0.305175781,-1.35712E-06,-0.305175781,-1.33423E-06,-0.305175781,-1.46423E-06
-0.302734375,-1.41479E-06,-0.302734375,-1.34827E-06,-0.302734375,-1.32629E-06,-0.302734375,-1.45203E-06
-0.300292969,-1.40717E-06,-0.300292969,-1.33911E-06,-0.300292969,-1.31866E-06,-0.300292969,-1.44104E-06
-0.297851563,-1.39893E-06,-0.297851563,-1.33209E-06,-0.297851563,-1.31042E-06,-0.297851563,-1.43219E-06
-0.295410156,-1.3913E-06,-0.295410156,-1.32416E-06,-0.295410156,-1.3028E-06,-0.295410156,-1.42303E-06
-0.29296875,-1.38275E-06,-0.29296875,-1.31592E-06,-0.29296875,-1.29333E-06,-0.29296875,-1.41388E-06
-0.290527344,-1.37665E-06,-0.290527344,-1.30859E-06,-0.290527344,-1.2851E-06,-0.290527344,-1.4035E-06
-0.288085938,-1.36871E-06,-0.288085938,-1.30035E-06,-0.288085938,-1.27502E-06,-0.288085938,-1.39465E-06
-0.285644531,-1.3623E-06,-0.285644531,-1.2915E-06,-0.285644531,-1.26495E-06,-0.285644531,-1.3858E-06
-0.283203125,-1.35529E-06,-0.283203125,-1.28571E-06,-0.283203125,-1.2558E-06,-0.283203125,-1.37695E-06
-0.280761719,-1.34827E-06,-0.280761719,-1.27625E-06,-0.280761719,-1.24664E-06,-0.280761719,-1.36688E-06
-0.278320313,-1.34155E-06,-0.278320313,-1.26892E-06,-0.278320313,-1.23566E-06,-0.278320313,-1.35651E-06
-0.275878906,-1.33392E-06,-0.275878906,-1.26007E-06,-0.275878906,-1.22681E-06,-0.275878906,-1.34613E-06
-0.2734375,-1.32568E-06,-0.2734375,-1.25122E-06,-0.2734375,-1.21826E-06,-0.2734375,-1.33606E-06
-0.270996094,-1.31775E-06,-0.270996094,-1.24176E-06,-0.270996094,-1.20911E-06,-0.270996094,-1.32385E-06
-0.268554688,-1.30981E-06,-0.268554688,-1.23352E-06,-0.268554688,-1.20026E-06,-0.268554688,-1.31378E-06
-0.266113281,-1.30066E-06,-0.266113281,-1.22253E-06,-0.266113281,-1.19171E-06,-0.266113281,-1.30219E-06
-0.263671875,-1.29242E-06,-0.263671875,-1.2146E-06,-0.263671875,-1.18317E-06,-0.263671875,-1.29181E-06
-0.261230469,-1.28357E-06,-0.261230469,-1.20544E-06,-0.261230469,-1.1734E-06,-0.261230469,-1.28143E-06
-0.258789063,-1.27533E-06,-0.258789063,-1.1969E-06,-0.258789063,-1.16486E-06,-0.258789063,-1.27136E-06
-0.256347656,-1.2674E-06,-0.256347656,-1.18896E-06,-0.256347656,-1.1557E-06,-0.256347656,-1.26068E-06
-0.25390625,-1.25793E-06,-0.25390625,-1.17889E-06,-0.25390625,-1.14624E-06,-0.25390625,-1.25244E-06
-0.251464844,-1.24969E-06,-0.251464844,-1.17035E-06,-0.251464844,-1.13556E-06,-0.251464844,-1.24237E-06
-0.249023438,-1.24268E-06,-0.249023438,-1.16272E-06,-0.249023438,-1.12427E-06,-0.249023438,-1.2323E-06
-0.246582031,-1.23383E-06,-0.246582031,-1.15356E-06,-0.246582031,-1.11359E-06,-0.246582031,-1.22192E-06
-0.244140625,-1.2262E-06,-0.244140625,-1.14441E-06,-0.244140625,-1.10382E-06,-0.244140625,-1.21124E-06
-0.241699219,-1.21735E-06,-0.241699219,-1.13586E-06,-0.241699219,-1.09314E-06,-0.241699219,-1.20056E-06
-0.239257813,-1.2085E-06,-0.239257813,-1.1264E-06,-0.239257813,-1.08398E-06,-0.239257813,-1.18927E-06
-0.236816406,-1.20056E-06,-0.236816406,-1.11572E-06,-0.236816406,-1.07422E-06,-0.236816406,-1.17676E-06
-0.234375,-1.19019E-06,-0.234375,-1.10535E-06,-0.234375,-1.06445E-06,-0.234375,-1.16516E-06
-0.231933594,-1.18042E-06,-0.231933594,-1.09467E-06,-0.231933594,-1.05408E-06,-0.231933594,-1.15234E-06
-0.229492188,-1.16974E-06,-0.229492188,-1.08398E-06,-0.229492188,-1.04523E-06,-0.229492188,-1.14136E-06
-0.227050781,-1.15906E-06,-0.227050781,-1.07361E-06,-0.227050781,-1.03577E-06,-0.227050781,-1.12946E-06
-0.224609375,-1.14868E-06,-0.224609375,-1.06323E-06,-0.224609375,-1.026E-06,-0.224609375,-1.11847E-06
-0.222167969,-1.13922E-06,-0.222167969,-1.05347E-06,-0.222167969,-1.01532E-06,-0.222167969,-1.10809E-06
-0.219726563,-1.13007E-06,-0.219726563,-1.0434E-06,-0.219726563,-1.00464E-06,-0.219726563,-1.09711E-06
-0.217285156,-1.11908E-06,-0.217285156,-1.03363E-06,-0.217285156,-9.92126E-07,-0.217285156,-1.08551E-06
-0.21484375,-1.10962E-06,-0.21484375,-1.02264E-06,-0.21484375,-9.8114E-07,-0.21484375,-1.07635E-06
-0.212402344,-1.09863E-06,-0.212402344,-1.01288E-06,-0.212402344,-9.69543E-07,-0.212402344,-1.06384E-06
-0.209960938,-1.08917E-06,-0.209960938,-1.00281E-06,-0.209960938,-9.57642E-07,-0.209960938,-1.05255E-06
-0.207519531,-1.0791E-06,-0.207519531,-9.90906E-07,-0.207519531,-9.4574E-07,-0.207519531,-1.04004E-06
-0.205078125,-1.06812E-06,-0.205078125,-9.79919E-07,-0.205078125,-9.36279E-07,-0.205078125,-1.02753E-06
-0.202636719,-1.05713E-06,-0.202636719,-9.67712E-07,-0.202636719,-9.25293E-07,-0.202636719,-1.0144E-06
-0.200195313,-1.04584E-06,-0.200195313,-9.55505E-07,-0.200195313,-9.13391E-07,-0.200195313,-1.00159E-06
-0.197753906,-1.03333E-06,-0.197753906,-9.43298E-07,-0.197753906,-9.0271E-07,-0.197753906,-9.8877E-07
-0.1953125,-1.02112E-06,-0.1953125,-9.31091E-07,-0.1953125,-8.91113E-07,-0.1953125,-9.74426E-07
-0.192871094,-1.00677E-06,-0.192871094,-9.19189E-07,-0.192871094,-8.80127E-07,-0.192871094,-9.61609E-07
-0.190429688,-9.94263E-07,-0.190429688,-9.06677E-07,-0.190429688,-8.6853E-07,-0.190429688,-9.48486E-07
-0.187988281,-9.82056E-07,-0.187988281,-8.94165E-07,-0.187988281,-8.56018E-07,-0.187988281,-9.35669E-07
-0.185546875,-9.69238E-07,-0.185546875,-8.81348E-07,-0.185546875,-8.43506E-07,-0.185546875,-9.24072E-07
-0.183105469,-9.57336E-07,-0.183105469,-8.69141E-07,-0.183105469,-8.29468E-07,-0.183105469,-9.10339E-07
-0.180664063,-9.44214E-07,-0.180664063,-8.57544E-07,-0.180664063,-8.17261E-07,-0.180664063,-8.98132E-07
-0.178222656,-9.32007E-07,-0.178222656,-8.44727E-07,-0.178222656,-8.03528E-07,-0.178222656,-8.84705E-07
-0.17578125,-9.2041E-07,-0.17578125,-8.3252E-07,-0.17578125,-7.89795E-07,-0.17578125,-8.72498E-07
-0.173339844,-9.06677E-07,-0.173339844,-8.17871E-07,-0.173339844,-7.76062E-07,-0.173339844,-8.59375E-07
-0.170898438,-8.92944E-07,-0.170898438,-8.05054E-07,-0.170898438,-7.63855E-07,-0.170898438,-8.45947E-07
-0.168457031,-8.80127E-07,-0.168457031,-7.91931E-07,-0.168457031,-7.50427E-07,-0.168457031,-8.30994E-07
-0.166015625,-8.66089E-07,-0.166015625,-7.78809E-07,-0.166015625,-7.37915E-07,-0.166015625,-8.15735E-07
-0.163574219,-8.5083E-07,-0.163574219,-7.6355E-07,-0.163574219,-7.26318E-07,-0.163574219,-8.01086E-07
-0.161132813,-8.37097E-07,-0.161132813,-7.48596E-07,-0.161132813,-7.12585E-07,-0.161132813,-7.85217E-07
-0.158691406,-8.21533E-07,-0.158691406,-7.34558E-07,-0.158691406,-6.99463E-07,-0.158691406,-7.70264E-07
-0.15625,-8.0658E-07,-0.15625,-7.20825E-07,-0.15625,-6.8634E-07,-0.15625,-7.56226E-07
-0.153808594,-7.92542E-07,-0.153808594,-7.05261E-07,-0.153808594,-6.71997E-07,-0.153808594,-7.41577E-07
-0.151367188,-7.77588E-07,-0.151367188,-6.90918E-07,-0.151367188,-6.58264E-07,-0.151367188,-7.27234E-07
-0.148925781,-7.63855E-07,-0.148925781,-6.7627E-07,-0.148925781,-6.43921E-07,-0.148925781,-7.1228E-07
-0.146484375,-7.49512E-07,-0.146484375,-6.64063E-07,-0.146484375,-6.29272E-07,-0.146484375,-6.98242E-07
-0.144042969,-7.35779E-07,-0.144042969,-6.49109E-07,-0.144042969,-6.14929E-07,-0.144042969,-6.83899E-07
-0.141601563,-7.21741E-07,-0.141601563,-6.35681E-07,-0.141601563,-5.98755E-07,-0.141601563,-6.69861E-07
-0.139160156,-7.07092E-07,-0.139160156,-6.21643E-07,-0.139160156,-5.85632E-07,-0.139160156,-6.55518E-07
-0.13671875,-6.93359E-07,-0.13671875,-6.08826E-07,-0.13671875,-5.70679E-07,-0.13671875,-6.40259E-07
-0.134277344,-6.78711E-07,-0.134277344,-5.93872E-07,-0.134277344,-5.56641E-07,-0.134277344,-0.000000625
-0.131835938,-6.63757E-07,-0.131835938,-5.79834E-07,-0.131835938,-5.42908E-07,-0.131835938,-6.09131E-07
-0.129394531,-6.50024E-07,-0.129394531,-5.65491E-07,-0.129394531,-5.29175E-07,-0.129394531,-5.93567E-07
-0.126953125,-6.35681E-07,-0.126953125,-5.51453E-07,-0.126953125,-5.16052E-07,-0.126953125,-5.77698E-07
-0.124511719,-6.20117E-07,-0.124511719,-5.35889E-07,-0.124511719,-5.0293E-07,-0.124511719,-5.61523E-07
-0.122070313,-6.03943E-07,-0.122070313,-5.21545E-07,-0.122070313,-4.88586E-07,-0.122070313,-5.45654E-07
-0.119628906,-5.91125E-07,-0.119628906,-5.07202E-07,-0.119628906,-4.74854E-07,-0.119628906,-5.31006E-07
-0.1171875,-5.76477E-07,-0.1171875,-4.92859E-07,-0.1171875,-4.59595E-07,-0.1171875,-5.16052E-07
-0.114746094,-5.62744E-07,-0.114746094,-4.79736E-07,-0.114746094,-4.46167E-07,-0.114746094,-4.99878E-07
-0.112304688,-5.49622E-07,-0.112304688,-4.66003E-07,-0.112304688,-4.30908E-07,-0.112304688,-4.85535E-07
-0.109863281,-5.36194E-07,-0.109863281,-4.52881E-07,-0.109863281,-4.1687E-07,-0.109863281,-4.70886E-07
-0.107421875,-5.23987E-07,-0.107421875,-4.39484E-07,-0.107421875,-4.02435E-07,-0.107421875,-4.56848E-07
-0.104980469,-5.10559E-07,-0.104980469,-4.26971E-07,-0.104980469,-3.87207E-07,-0.104980469,-4.422E-07
-0.102539063,-4.96826E-07,-0.102539063,-4.14063E-07,-0.102539063,-3.73627E-07,-0.102539063,-4.27399E-07
-0.100097656,-4.84619E-07,-0.100097656,-4.00757E-07,-0.100097656,-3.60138E-07,-0.100097656,-4.12231E-07
-0.09765625,-4.72107E-07,-0.09765625,-3.88367E-07,-0.09765625,-3.45703E-07,-0.09765625,-3.97949E-07
-0.095214844,-4.57764E-07,-0.095214844,-3.75641E-07,-0.095214844,-3.34534E-07,-0.095214844,-3.80981E-07
-0.092773438,-4.43512E-07,-0.092773438,-3.62305E-07,-0.092773438,-3.19794E-07,-0.092773438,-3.65295E-07
-0.090332031,-4.30511E-07,-0.090332031,-3.48511E-07,-0.090332031,-3.07098E-07,-0.090332031,-3.49335E-07
-0.087890625,-4.17084E-07,-0.087890625,-3.35541E-07,-0.087890625,-2.95135E-07,-0.087890625,-3.34747E-07
-0.085449219,-4.03564E-07,-0.085449219,-3.22113E-07,-0.085449219,-2.82074E-07,-0.085449219,-3.20251E-07
-0.083007813,-3.90442E-07,-0.083007813,-3.09418E-07,-0.083007813,-2.67639E-07,-0.083007813,-3.04779E-07
-0.080566406,-3.78937E-07,-0.080566406,-2.96051E-07,-0.080566406,-2.54059E-07,-0.080566406,-2.901E-07
-0.078125,-3.66547E-07,-0.078125,-2.83875E-07,-0.078125,-2.39716E-07,-0.078125,-2.75909E-07
-0.075683594,-3.53943E-07,-0.075683594,-2.71484E-07,-0.075683594,-2.25342E-07,-0.075683594,-2.62024E-07
-0.073242188,-3.41522E-07,-0.073242188,-2.57996E-07,-0.073242188,-2.11304E-07,-0.073242188,-2.47345E-07
-0.070800781,-3.29407E-07,-0.070800781,-2.46552E-07,-0.070800781,-1.9574E-07,-0.070800781,-2.33185E-07
-0.068359375,-3.17688E-07,-0.068359375,-2.34283E-07,-0.068359375,-1.83472E-07,-0.068359375,-2.19269E-07
-0.065917969,-3.04596E-07,-0.065917969,-2.23297E-07,-0.065917969,-1.6922E-07,-0.065917969,-2.04254E-07
-0.063476563,-2.90863E-07,-0.063476563,-2.09778E-07,-0.063476563,-1.56281E-07,-0.063476563,-1.8927E-07
-0.061035156,-2.78229E-07,-0.061035156,-1.97174E-07,-0.061035156,-1.43524E-07,-0.061035156,-1.74805E-07
-0.05859375,-2.65442E-07,-0.05859375,-1.8515E-07,-0.05859375,-1.3205E-07,-0.05859375,-1.59546E-07
-0.056152344,-2.50519E-07,-0.056152344,-1.7041E-07,-0.056152344,-1.18774E-07,-0.056152344,-1.44653E-07
-0.053710938,-2.37244E-07,-0.053710938,-1.5741E-07,-0.053710938,-1.05835E-07,-0.053710938,-1.28998E-07
-0.051269531,-2.2345E-07,-0.051269531,-1.44104E-07,-0.051269531,-9.26514E-08,-0.051269531,-1.15082E-07
-0.048828125,-2.10297E-07,-0.048828125,-1.30219E-07,-0.048828125,-7.94373E-08,-0.048828125,-9.98535E-08
-0.046386719,-1.97235E-07,-0.046386719,-1.16852E-07,-0.046386719,-6.38733E-08,-0.046386719,-8.61206E-08
-0.043945313,-1.83319E-07,-0.043945313,-1.02844E-07,-0.043945313,-5.02319E-08,-0.043945313,-7.33032E-08
-0.041503906,-1.69769E-07,-0.041503906,-9.00574E-08,-0.041503906,-3.57056E-08,-0.041503906,-5.85632E-08
-0.0390625,-1.56158E-07,-0.0390625,-7.60803E-08,-0.0390625,-2.01721E-08,-0.0390625,-4.43115E-08
-0.036621094,-1.42242E-07,-0.036621094,-6.27441E-08,-0.036621094,-5.7373E-09,-0.036621094,-3.02734E-08
-0.034179688,-1.28876E-07,-0.034179688,-4.98047E-08,-0.034179688,7.83997E-09,-0.034179688,-1.6684E-08
-0.031738281,-1.14258E-07,-0.031738281,-3.68042E-08,-0.031738281,2.25525E-08,-0.031738281,-2.5238E-09
-0.029296875,-1.00342E-07,-0.029296875,-2.34955E-08,-0.029296875,3.48206E-08,-0.029296875,1.10596E-08
-0.026855469,-8.48083E-08,-0.026855469,-9.23157E-09,-0.026855469,4.92859E-08,-0.026855469,2.5238E-08
-0.024414063,-6.95801E-08,-0.024414063,5.23071E-09,-0.024414063,6.25305E-08,-0.024414063,3.95813E-08
-0.021972656,-5.44128E-08,-0.021972656,1.987E-08,-0.021972656,7.52258E-08,-0.021972656,5.50232E-08
-0.01953125,-3.77808E-08,-0.01953125,3.40271E-08,-0.01953125,8.89893E-08,-0.01953125,6.90918E-08
-0.017089844,-2.19727E-08,-0.017089844,4.99573E-08,-0.017089844,1.026E-07,-0.017089844,8.43811E-08
-0.014648438,-5.68848E-09,-0.014648438,6.45142E-08,-0.014648438,1.16821E-07,-0.014648438,9.74426E-08
-0.012207031,1.01349E-08,-0.012207031,7.9895E-08,-0.012207031,1.31256E-07,-0.012207031,1.11786E-07
-0.009765625,2.49146E-08,-0.009765625,9.44214E-08,-0.009765625,1.45416E-07,-0.009765625,1.24573E-07
-0.007324219,4.04053E-08,-0.007324219,1.08948E-07,-0.007324219,1.60187E-07,-0.007324219,1.38E-07
-0.004882813,5.57861E-08,-0.004882813,1.23779E-07,-0.004882813,1.75568E-07,-0.004882813,1.51093E-07
-0.002441406,7.16858E-08,-0.002441406,1.38641E-07,-0.002441406,1.90002E-07,-0.002441406,1.6333E-07
0,8.61816E-08,0,1.52557E-07,0,2.04559E-07,0,1.76056E-07
0.002441406,1.02997E-07,0.002441406,1.67938E-07,0.002441406,2.19177E-07,0.002441406,1.90186E-07
0.004882813,1.20087E-07,0.004882813,1.82312E-07,0.004882813,2.31964E-07,0.004882813,2.02484E-07
0.007324219,1.36597E-07,0.007324219,1.97845E-07,0.007324219,2.4588E-07,0.007324219,2.16827E-07
0.009765625,1.52985E-07,0.009765625,2.11609E-07,0.009765625,2.58545E-07,0.009765625,2.30377E-07
0.012207031,1.70929E-07,0.012207031,2.27325E-07,0.012207031,2.71759E-07,0.012207031,2.43561E-07
0.014648438,1.87286E-07,0.014648438,2.43164E-07,0.014648438,2.85461E-07,0.014648438,2.56989E-07
0.017089844,2.04163E-07,0.017089844,2.58179E-07,0.017089844,2.97974E-07,0.017089844,2.70782E-07
0.01953125,2.20551E-07,0.01953125,2.73254E-07,0.01953125,3.10852E-07,0.01953125,2.83936E-07
0.021972656,2.35809E-07,0.021972656,2.8949E-07,0.021972656,3.24768E-07,0.021972656,2.96234E-07
0.024414063,2.52838E-07,0.024414063,3.04169E-07,0.024414063,3.37585E-07,0.024414063,3.08838E-07
0.026855469,2.68799E-07,0.026855469,3.18726E-07,0.026855469,3.50861E-07,0.026855469,3.19397E-07
0.029296875,2.8421E-07,0.029296875,3.32306E-07,0.029296875,3.6554E-07,0.029296875,3.31268E-07
0.031738281,2.9953E-07,0.031738281,3.4671E-07,0.031738281,3.78906E-07,0.031738281,3.42834E-07
0.034179688,3.14667E-07,0.034179688,3.61664E-07,0.034179688,3.92181E-07,0.034179688,3.54431E-07
0.036621094,3.30444E-07,0.036621094,3.75732E-07,0.036621094,4.04236E-07,0.036621094,3.64868E-07
0.0390625,3.45764E-07,0.0390625,3.88702E-07,0.0390625,4.18396E-07,0.0390625,3.7674E-07
0.041503906,3.6145E-07,0.041503906,4.02283E-07,0.041503906,4.30115E-07,0.041503906,3.88397E-07
0.043945313,3.77167E-07,0.043945313,4.1626E-07,0.043945313,4.41895E-07,0.043945313,3.99536E-07
0.046386719,3.93005E-07,0.046386719,4.29657E-07,0.046386719,4.53796E-07,0.046386719,4.12598E-07
0.048828125,4.08691E-07,0.048828125,4.4342E-07,0.048828125,4.64783E-07,0.048828125,4.23645E-07
0.051269531,4.24683E-07,0.051269531,4.57153E-07,0.051269531,4.76074E-07,0.051269531,4.3457E-07
0.053710938,4.38599E-07,0.053710938,4.71191E-07,0.053710938,4.87671E-07,0.053710938,4.45557E-07
0.056152344,4.52881E-07,0.056152344,4.8584E-07,0.056152344,4.99573E-07,0.056152344,4.56543E-07
0.05859375,4.67224E-07,0.05859375,4.98047E-07,0.05859375,5.10254E-07,0.05859375,4.67529E-07
0.061035156,4.80347E-07,0.061035156,5.10559E-07,0.061035156,5.22156E-07,0.061035156,4.7821E-07
0.063476563,4.9408E-07,0.063476563,5.23682E-07,0.063476563,5.33752E-07,0.063476563,4.87976E-07
0.065917969,5.06897E-07,0.065917969,5.36804E-07,0.065917969,5.45959E-07,0.065917969,4.98047E-07
0.068359375,5.18799E-07,0.068359375,5.4718E-07,0.068359375,5.56946E-07,0.068359375,5.07507E-07
0.070800781,5.31921E-07,0.070800781,5.59387E-07,0.070800781,5.67322E-07,0.070800781,5.16357E-07
0.073242188,5.45654E-07,0.073242188,5.70374E-07,0.073242188,5.78613E-07,0.073242188,5.26123E-07
0.075683594,5.56335E-07,0.075683594,5.8197E-07,0.075683594,5.88989E-07,0.075683594,5.35889E-07
0.078125,5.70679E-07,0.078125,5.92957E-07,0.078125,5.98755E-07,0.078125,5.45349E-07
0.080566406,5.83496E-07,0.080566406,6.03943E-07,0.080566406,6.09131E-07,0.080566406,5.56335E-07
0.083007813,5.96924E-07,0.083007813,6.1554E-07,0.083007813,6.18286E-07,0.083007813,5.66711E-07
0.085449219,6.08521E-07,0.085449219,6.26526E-07,0.085449219,6.27136E-07,0.085449219,5.77393E-07
0.087890625,6.20422E-07,0.087890625,6.37207E-07,0.087890625,6.37207E-07,0.087890625,5.88074E-07
0.090332031,6.31104E-07,0.090332031,6.48804E-07,0.090332031,6.46667E-07,0.090332031,5.96924E-07
0.092773438,6.42395E-07,0.092773438,6.60095E-07,0.092773438,6.56433E-07,0.092773438,6.0791E-07
0.095214844,6.53076E-07,0.095214844,6.70166E-07,0.095214844,6.66199E-07,0.095214844,6.1676E-07
0.09765625,6.62537E-07,0.09765625,6.79932E-07,0.09765625,6.76575E-07,0.09765625,6.2561E-07
0.100097656,6.73523E-07,0.100097656,6.90613E-07,0.100097656,6.8573E-07,0.100097656,6.35986E-07
0.102539063,6.82373E-07,0.102539063,6.98853E-07,0.102539063,6.96716E-07,0.102539063,6.44531E-07
0.104980469,6.91833E-07,0.104980469,7.08618E-07,0.104980469,7.05872E-07,0.104980469,6.54297E-07
0.107421875,7.01599E-07,0.107421875,7.17773E-07,0.107421875,7.15027E-07,0.107421875,6.64368E-07
0.109863281,7.1106E-07,0.109863281,7.27539E-07,0.109863281,7.24792E-07,0.109863281,6.74133E-07
0.112304688,7.2113E-07,0.112304688,7.35779E-07,0.112304688,7.33032E-07,0.112304688,6.8512E-07
0.114746094,7.31506E-07,0.114746094,7.44324E-07,0.114746094,7.42493E-07,0.114746094,6.94885E-07
0.1171875,7.41272E-07,0.1171875,7.52869E-07,0.1171875,7.51648E-07,0.1171875,7.07092E-07
0.119628906,7.51343E-07,0.119628906,7.61719E-07,0.119628906,7.59888E-07,0.119628906,7.1991E-07
0.122070313,7.60498E-07,0.122070313,7.70569E-07,0.122070313,7.68433E-07,0.122070313,7.32422E-07
0.124511719,7.69348E-07,0.124511719,7.79419E-07,0.124511719,7.78809E-07,0.124511719,7.44019E-07
0.126953125,7.76978E-07,0.126953125,7.88879E-07,0.126953125,7.87964E-07,0.126953125,7.57141E-07
0.129394531,7.84302E-07,0.129394531,7.98035E-07,0.129394531,7.9834E-07,0.129394531,7.68433E-07
0.131835938,7.92236E-07,0.131835938,8.0658E-07,0.131835938,8.09021E-07,0.131835938,7.82166E-07
0.134277344,7.99866E-07,0.134277344,8.14514E-07,0.134277344,8.18787E-07,0.134277344,7.95898E-07
0.13671875,8.0719E-07,0.13671875,8.23059E-07,0.13671875,8.29773E-07,0.13671875,8.10242E-07
0.139160156,8.14819E-07,0.139160156,8.30994E-07,0.139160156,8.40454E-07,0.139160156,8.24585E-07
0.141601563,8.23669E-07,0.141601563,8.38318E-07,0.141601563,8.5144E-07,0.141601563,8.39844E-07
0.144042969,8.31909E-07,0.144042969,8.47168E-07,0.144042969,8.62427E-07,0.144042969,8.56018E-07
0.146484375,8.38928E-07,0.146484375,8.53577E-07,0.146484375,8.71582E-07,0.146484375,8.72803E-07
0.148925781,8.46558E-07,0.148925781,8.61206E-07,0.148925781,8.83179E-07,0.148925781,8.91724E-07
0.151367188,8.55408E-07,0.151367188,8.69751E-07,0.151367188,8.94775E-07,0.151367188,9.11865E-07
0.153808594,8.63953E-07,0.153808594,8.7738E-07,0.153808594,9.06677E-07,0.153808594,9.32312E-07
0.15625,8.70972E-07,0.15625,8.8501E-07,0.15625,9.18274E-07,0.15625,9.54895E-07
0.158691406,8.78601E-07,0.158691406,8.94775E-07,0.158691406,9.31396E-07,0.158691406,9.79309E-07
0.161132813,8.86536E-07,0.161132813,9.03015E-07,0.161132813,9.46045E-07,0.161132813,1.00311E-06
0.163574219,8.9325E-07,0.163574219,9.11865E-07,0.163574219,9.60388E-07,0.163574219,1.02936E-06
0.166015625,8.99963E-07,0.166015625,9.20715E-07,0.166015625,9.75342E-07,0.166015625,1.05682E-06
0.168457031,9.07288E-07,0.168457031,9.2926E-07,0.168457031,9.92126E-07,0.168457031,1.08429E-06
0.170898438,9.13696E-07,0.170898438,9.39026E-07,0.170898438,1.00952E-06,0.170898438,1.11572E-06
0.173339844,9.21021E-07,0.173339844,9.47876E-07,0.173339844,1.02631E-06,0.173339844,1.14868E-06
0.17578125,9.26819E-07,0.17578125,9.56116E-07,0.17578125,1.0437E-06,0.17578125,1.18164E-06
0.178222656,9.35059E-07,0.178222656,9.6405E-07,0.178222656,1.06262E-06,0.178222656,1.21887E-06
0.180664063,9.42993E-07,0.180664063,9.73206E-07,0.180664063,1.08215E-06,0.180664063,1.25854E-06
0.183105469,9.50317E-07,0.183105469,9.82056E-07,0.183105469,1.10199E-06,0.183105469,1.30005E-06
0.185546875,9.59473E-07,0.185546875,9.90295E-07,0.185546875,1.12183E-06,0.185546875,1.3446E-06
0.187988281,9.67102E-07,0.187988281,1.00098E-06,0.187988281,1.14441E-06,0.187988281,1.39221E-06
0.190429688,9.75342E-07,0.190429688,1.01044E-06,0.190429688,1.1676E-06,0.190429688,1.44318E-06
0.192871094,9.82056E-07,0.192871094,1.0202E-06,0.192871094,1.19232E-06,0.192871094,1.49628E-06
0.1953125,9.90601E-07,0.1953125,1.03119E-06,0.1953125,1.21796E-06,0.1953125,1.55212E-06
0.197753906,9.97314E-07,0.197753906,1.04248E-06,0.197753906,1.24481E-06,0.197753906,1.61011E-06
0.200195313,1.00525E-06,0.200195313,1.05347E-06,0.200195313,1.27411E-06,0.200195313,1.67145E-06
0.202636719,1.01318E-06,0.202636719,1.06537E-06,0.202636719,1.3031E-06,0.202636719,1.73492E-06
0.205078125,1.01898E-06,0.205078125,1.07544E-06,0.205078125,1.33453E-06,0.205078125,1.80145E-06
0.207519531,1.02661E-06,0.207519531,1.08734E-06,0.207519531,1.36475E-06,0.207519531,1.87134E-06
0.209960938,1.03485E-06,0.209960938,1.09863E-06,0.209960938,1.39801E-06,0.209960938,1.94458E-06
0.212402344,1.0434E-06,0.212402344,1.10962E-06,0.212402344,1.4325E-06,0.212402344,2.01935E-06
0.21484375,1.05164E-06,0.21484375,1.12091E-06,0.21484375,1.46637E-06,0.21484375,2.09778E-06
0.217285156,1.06049E-06,0.217285156,1.13281E-06,0.217285156,1.50177E-06,0.217285156,2.1814E-06
0.219726563,1.06934E-06,0.219726563,1.14502E-06,0.219726563,1.53839E-06,0.219726563,2.26715E-06
0.222167969,1.07758E-06,0.222167969,1.15723E-06,0.222167969,1.57654E-06,0.222167969,2.35596E-06
0.224609375,1.08551E-06,0.224609375,1.16882E-06,0.224609375,1.61316E-06,0.224609375,2.44446E-06
0.227050781,1.09406E-06,0.227050781,1.18134E-06,0.227050781,1.65222E-06,0.227050781,2.53693E-06
0.229492188,1.1026E-06,0.229492188,1.19446E-06,0.229492188,1.69312E-06,0.229492188,2.63031E-06
0.231933594,1.10992E-06,0.231933594,1.20758E-06,0.231933594,1.73401E-06,0.231933594,2.724E-06
0.234375,1.11725E-06,0.234375,1.22101E-06,0.234375,1.7746E-06,0.234375,2.81738E-06
0.236816406,1.12549E-06,0.236816406,1.23352E-06,0.236816406,1.81641E-06,0.236816406,2.9129E-06
0.239257813,1.13251E-06,0.239257813,1.24542E-06,0.239257813,1.8573E-06,0.239257813,3.00629E-06
0.241699219,1.14044E-06,0.241699219,1.25854E-06,0.241699219,1.89789E-06,0.241699219,3.09998E-06
0.244140625,1.14685E-06,0.244140625,1.26953E-06,0.244140625,1.93573E-06,0.244140625,3.18909E-06
0.246582031,1.15356E-06,0.246582031,1.28021E-06,0.246582031,1.97418E-06,0.246582031,3.28003E-06
0.249023438,1.1618E-06,0.249023438,1.29181E-06,0.249023438,2.01172E-06,0.249023438,3.36731E-06
0.251464844,1.16852E-06,0.251464844,1.30127E-06,0.251464844,2.04681E-06,0.251464844,3.45215E-06
0.25390625,1.17615E-06,0.25390625,1.31104E-06,0.25390625,2.07916E-06,0.25390625,3.53149E-06
0.256347656,1.18347E-06,0.256347656,1.32141E-06,0.256347656,2.11121E-06,0.256347656,3.60992E-06
0.258789063,1.19049E-06,0.258789063,1.32965E-06,0.258789063,2.14081E-06,0.258789063,3.68286E-06
0.261230469,1.19598E-06,0.261230469,1.33789E-06,0.261230469,2.1698E-06,0.261230469,3.74939E-06
0.263671875,1.20148E-06,0.263671875,1.34583E-06,0.263671875,2.19421E-06,0.263671875,3.80829E-06
0.266113281,1.20575E-06,0.266113281,1.35468E-06,0.266113281,2.2171E-06,0.266113281,3.86353E-06
0.268554688,1.21094E-06,0.268554688,1.36169E-06,0.268554688,2.23877E-06,0.268554688,3.91235E-06
0.270996094,1.21521E-06,0.270996094,1.3681E-06,0.270996094,2.25739E-06,0.270996094,3.95325E-06
0.2734375,1.21887E-06,0.2734375,1.37329E-06,0.2734375,2.27417E-06,0.2734375,3.98956E-06
0.275878906,1.22284E-06,0.275878906,1.37848E-06,0.275878906,2.28851E-06,0.275878906,4.01917E-06
0.278320313,1.2265E-06,0.278320313,1.38245E-06,0.278320313,2.2998E-06,0.278320313,4.04205E-06
0.280761719,1.23016E-06,0.280761719,1.3858E-06,0.280761719,2.30774E-06,0.280761719,4.05914E-06
0.283203125,1.23322E-06,0.283203125,1.38824E-06,0.283203125,2.31323E-06,0.283203125,4.06891E-06
0.285644531,1.23688E-06,0.285644531,1.39069E-06,0.285644531,2.31659E-06,0.285644531,4.07715E-06
0.288085938,1.23962E-06,0.288085938,1.39221E-06,0.288085938,2.31842E-06,0.288085938,4.07806E-06
0.290527344,1.24359E-06,0.290527344,1.39343E-06,0.290527344,2.31689E-06,0.290527344,4.07501E-06
0.29296875,1.24573E-06,0.29296875,1.39404E-06,0.29296875,2.31445E-06,0.29296875,4.06616E-06
0.295410156,1.24878E-06,0.295410156,1.39435E-06,0.295410156,2.31049E-06,0.295410156,4.05548E-06
0.297851563,0.00000125,0.297851563,1.39465E-06,0.297851563,2.30621E-06,0.297851563,4.04053E-06
0.300292969,1.25183E-06,0.300292969,1.39587E-06,0.300292969,2.29919E-06,0.300292969,4.02222E-06
0.302734375,1.25244E-06,0.302734375,1.39557E-06,0.302734375,2.29187E-06,0.302734375,3.99872E-06
0.305175781,1.25366E-06,0.305175781,1.39557E-06,0.305175781,2.28394E-06,0.305175781,3.97491E-06
0.307617188,1.25427E-06,0.307617188,1.39526E-06,0.307617188,2.27448E-06,0.307617188,3.94836E-06
0.310058594,1.25488E-06,0.310058594,1.39465E-06,0.310058594,2.26471E-06,0.310058594,3.91846E-06
0.3125,1.2558E-06,0.3125,1.39435E-06,0.3125,2.25555E-06,0.3125,3.88824E-06
0.314941406,1.25763E-06,0.314941406,1.39343E-06,0.314941406,2.24426E-06,0.314941406,3.85681E-06
0.317382813,1.25916E-06,0.317382813,1.3916E-06,0.317382813,2.23297E-06,0.317382813,3.82355E-06
0.319824219,1.26038E-06,0.319824219,1.38977E-06,0.319824219,2.22015E-06,0.319824219,3.78937E-06
0.322265625,1.26099E-06,0.322265625,1.38733E-06,0.322265625,2.20734E-06,0.322265625,3.75458E-06
0.324707031,1.26282E-06,0.324707031,1.3858E-06,0.324707031,2.19391E-06,0.324707031,3.7207E-06
0.327148438,1.26373E-06,0.327148438,1.38336E-06,0.327148438,2.18201E-06,0.327148438,3.68561E-06
0.329589844,1.26465E-06,0.329589844,1.38123E-06,0.329589844,2.16675E-06,0.329589844,3.65173E-06
0.33203125,1.26465E-06,0.33203125,1.37787E-06,0.33203125,2.15363E-06,0.33203125,3.61664E-06
0.334472656,1.26526E-06,0.334472656,1.37695E-06,0.334472656,2.1405E-06,0.334472656,3.58307E-06
0.336914063,1.26434E-06,0.336914063,1.37482E-06,0.336914063,2.12738E-06,0.336914063,3.54889E-06
0.339355469,1.26495E-06,0.339355469,1.37329E-06,0.339355469,2.11456E-06,0.339355469,3.51532E-06
0.341796875,1.26404E-06,0.341796875,1.37207E-06,0.341796875,2.10175E-06,0.341796875,3.48083E-06
0.344238281,1.26404E-06,0.344238281,1.36993E-06,0.344238281,2.08954E-06,0.344238281,3.44788E-06
0.346679688,1.26434E-06,0.346679688,1.36749E-06,0.346679688,2.07794E-06,0.346679688,3.41492E-06
0.349121094,1.26373E-06,0.349121094,1.36505E-06,0.349121094,2.06512E-06,0.349121094,3.38196E-06
0.3515625,1.26434E-06,0.3515625,1.36322E-06,0.3515625,2.05322E-06,0.3515625,3.35022E-06
0.354003906,1.26373E-06,0.354003906,1.35986E-06,0.354003906,2.04102E-06,0.354003906,3.31818E-06
0.356445313,1.26495E-06,0.356445313,1.35773E-06,0.356445313,2.02759E-06,0.356445313,3.28796E-06
0.358886719,1.26495E-06,0.358886719,1.35345E-06,0.358886719,2.0166E-06,0.358886719,3.25745E-06
0.361328125,1.26465E-06,0.361328125,1.3504E-06,0.361328125,2.00409E-06,0.361328125,3.22754E-06
0.363769531,1.26495E-06,0.363769531,1.34674E-06,0.363769531,1.99219E-06,0.363769531,3.19946E-06
0.366210938,1.26404E-06,0.366210938,1.3443E-06,0.366210938,1.98059E-06,0.366210938,3.17139E-06
0.368652344,1.26373E-06,0.368652344,1.34094E-06,0.368652344,1.96869E-06,0.368652344,3.14484E-06
0.37109375,1.26282E-06,0.37109375,1.33911E-06,0.37109375,1.95526E-06,0.37109375,3.11798E-06
0.373535156,1.2619E-06,0.373535156,1.33636E-06,0.373535156,1.94611E-06,0.373535156,3.09235E-06
0.375976563,1.26099E-06,0.375976563,1.33423E-06,0.375976563,1.93542E-06,0.375976563,3.06732E-06
0.378417969,1.25854E-06,0.378417969,1.33148E-06,0.378417969,1.92505E-06,0.378417969,3.0426E-06
0.380859375,1.25763E-06,0.380859375,1.32782E-06,0.380859375,1.91437E-06,0.380859375,3.01666E-06
0.383300781,1.25671E-06,0.383300781,1.32568E-06,0.383300781,1.90399E-06,0.383300781,2.99255E-06
0.385742188,1.25519E-06,0.385742188,1.32324E-06,0.385742188,1.89423E-06,0.385742188,2.96906E-06
0.388183594,1.25519E-06,0.388183594,1.31927E-06,0.388183594,1.88477E-06,0.388183594,2.94495E-06
0.390625,1.25488E-06,0.390625,1.31744E-06,0.390625,1.87317E-06,0.390625,2.92206E-06
0.393066406,1.25397E-06,0.393066406,1.31287E-06,0.393066406,1.8631E-06,0.393066406,2.89948E-06
0.395507813,1.25336E-06,0.395507813,1.3092E-06,0.395507813,1.85303E-06,0.395507813,2.87903E-06
0.397949219,1.25183E-06,0.397949219,1.30585E-06,0.397949219,1.84296E-06,0.397949219,2.85736E-06
0.400390625,1.25031E-06,0.400390625,1.30157E-06,0.400390625,1.83289E-06,0.400390625,2.83722E-06
0.402832031,1.24908E-06,0.402832031,1.29822E-06,0.402832031,1.82312E-06,0.402832031,2.81769E-06
0.405273438,1.24725E-06,0.405273438,1.29517E-06,0.405273438,1.81396E-06,0.405273438,2.79938E-06
0.407714844,1.24451E-06,0.407714844,1.2915E-06,0.407714844,1.8045E-06,0.407714844,2.78046E-06
0.41015625,1.24237E-06,0.41015625,1.28876E-06,0.41015625,1.79596E-06,0.41015625,2.76245E-06
0.412597656,1.23932E-06,0.412597656,1.28571E-06,0.412597656,1.78833E-06,0.412597656,2.74414E-06
0.415039063,1.23779E-06,0.415039063,1.28296E-06,0.415039063,1.7804E-06,0.415039063,2.72614E-06
0.417480469,1.23596E-06,0.417480469,1.27899E-06,0.417480469,1.77185E-06,0.417480469,2.70844E-06
0.419921875,1.23444E-06,0.419921875,1.27563E-06,0.419921875,1.76422E-06,0.419921875,2.69104E-06
0.422363281,1.2326E-06,0.422363281,1.27258E-06,0.422363281,1.75507E-06,0.422363281,2.67456E-06
0.424804688,1.23047E-06,0.424804688,1.26831E-06,0.424804688,1.74744E-06,0.424804688,2.65778E-06
0.427246094,1.22925E-06,0.427246094,1.26465E-06,0.427246094,1.73889E-06,0.427246094,2.64221E-06
0.4296875,1.22772E-06,0.4296875,1.26038E-06,0.4296875,1.73096E-06,0.4296875,2.62726E-06
0.432128906,1.22559E-06,0.432128906,1.25671E-06,0.432128906,1.72363E-06,0.432128906,2.612E-06
0.434570313,1.22314E-06,0.434570313,1.25244E-06,0.434570313,1.71509E-06,0.434570313,2.59766E-06
0.437011719,1.22101E-06,0.437011719,1.24878E-06,0.437011719,1.70746E-06,0.437011719,2.58453E-06
0.439453125,1.21826E-06,0.439453125,1.24512E-06,0.439453125,1.69983E-06,0.439453125,2.57141E-06
0.441894531,1.21521E-06,0.441894531,1.24207E-06,0.441894531,1.69434E-06,0.441894531,2.5589E-06
0.444335938,1.21246E-06,0.444335938,1.23932E-06,0.444335938,1.68823E-06,0.444335938,2.547E-06
0.446777344,1.20941E-06,0.446777344,1.23688E-06,0.446777344,1.68213E-06,0.446777344,2.5354E-06
0.44921875,1.20697E-06,0.44921875,1.23413E-06,0.44921875,1.67694E-06,0.44921875,2.5235E-06
0.451660156,1.20392E-06,0.451660156,1.23169E-06,0.451660156,1.67175E-06,0.451660156,2.51221E-06
0.454101563,1.20209E-06,0.454101563,1.22864E-06,0.454101563,1.66595E-06,0.454101563,2.50183E-06
0.456542969,1.20026E-06,0.456542969,1.22559E-06,0.456542969,1.66168E-06,0.456542969,2.49084E-06
0.458984375,1.19812E-06,0.458984375,1.22192E-06,0.458984375,1.6571E-06,0.458984375,2.48108E-06
0.461425781,1.19598E-06,0.461425781,1.21887E-06,0.461425781,1.65131E-06,0.461425781,2.47131E-06
0.463867188,1.19446E-06,0.463867188,1.21552E-06,0.463867188,1.64642E-06,0.463867188,2.46277E-06
0.466308594,1.19232E-06,0.466308594,1.21307E-06,0.466308594,1.64276E-06,0.466308594,2.45422E-06
0.46875,1.18958E-06,0.46875,1.21033E-06,0.46875,1.63818E-06,0.46875,2.44629E-06
0.471191406,1.18774E-06,0.471191406,1.20728E-06,0.471191406,1.63422E-06,0.471191406,2.43927E-06
0.473632813,1.185E-06,0.473632813,1.20544E-06,0.473632813,1.63147E-06,0.473632813,2.43317E-06
0.476074219,1.18286E-06,0.476074219,1.20361E-06,0.476074219,1.62903E-06,0.476074219,2.42798E-06
0.478515625,1.18042E-06,0.478515625,1.20148E-06,0.478515625,1.6275E-06,0.478515625,2.42432E-06
0.480957031,1.17737E-06,0.480957031,1.20087E-06,0.480957031,1.62628E-06,0.480957031,2.41974E-06
0.483398438,1.17462E-06,0.483398438,1.20026E-06,0.483398438,1.62598E-06,0.483398438,2.41577E-06
0.485839844,1.17218E-06,0.485839844,1.19843E-06,0.485839844,1.62537E-06,0.485839844,2.41241E-06
0.48828125,1.17035E-06,0.48828125,1.19751E-06,0.48828125,1.62506E-06,0.48828125,2.40875E-06
0.490722656,1.16852E-06,0.490722656,1.19751E-06,0.490722656,1.62445E-06,0.490722656,2.40601E-06
0.493164063,1.1676E-06,0.493164063,1.19507E-06,0.493164063,1.62476E-06,0.493164063,2.40387E-06
0.495605469,1.16577E-06,0.495605469,1.19476E-06,0.495605469,1.62567E-06,0.495605469,2.40326E-06
0.498046875,1.16394E-06,0.498046875,1.19324E-06,0.498046875,1.62659E-06,0.498046875,2.40143E-06
0.500488281,1.16119E-06,0.500488281,1.19202E-06,0.500488281,1.62903E-06,0.500488281,2.40204E-06
0.502929688,1.15997E-06,0.502929688,1.19141E-06,0.502929688,1.63055E-06,0.502929688,2.40326E-06
0.505371094,1.15753E-06,0.505371094,1.19049E-06,0.505371094,1.63177E-06,0.505371094,2.40479E-06
0.5078125,1.1557E-06,0.5078125,1.18958E-06,0.5078125,1.63422E-06,0.5078125,2.40723E-06
0.510253906,1.15295E-06,0.510253906,1.18896E-06,0.510253906,1.63574E-06,0.510253906,2.40967E-06
0.512695313,1.15051E-06,0.512695313,1.18835E-06,0.512695313,1.63818E-06,0.512695313,2.41394E-06
0.515136719,1.14716E-06,0.515136719,1.18713E-06,0.515136719,1.64063E-06,0.515136719,2.41699E-06
0.517578125,1.1441E-06,0.517578125,1.18683E-06,0.517578125,1.64398E-06,0.517578125,2.42126E-06
0.520019531,1.14136E-06,0.520019531,1.18591E-06,0.520019531,1.64612E-06,0.520019531,2.42523E-06
0.522460938,1.13831E-06,0.522460938,1.18439E-06,0.522460938,1.64948E-06,0.522460938,2.42798E-06
0.524902344,1.13525E-06,0.524902344,1.18378E-06,0.524902344,1.65222E-06,0.524902344,2.43195E-06
0.52734375,1.13312E-06,0.52734375,1.18042E-06,0.52734375,1.65405E-06,0.52734375,2.43408E-06
0.529785156,1.13068E-06,0.529785156,1.1792E-06,0.529785156,1.65588E-06,0.529785156,2.43622E-06
0.532226563,1.12732E-06,0.532226563,1.17584E-06,0.532226563,1.6571E-06,0.532226563,2.43835E-06
0.534667969,1.12396E-06,0.534667969,1.17371E-06,0.534667969,1.65741E-06,0.534667969,2.44049E-06
0.537109375,1.1203E-06,0.537109375,1.16974E-06,0.537109375,1.65741E-06,0.537109375,2.44141E-06
0.539550781,1.11664E-06,0.539550781,1.16577E-06,0.539550781,1.65619E-06,0.539550781,2.44293E-06
0.541992188,1.11237E-06,0.541992188,1.16302E-06,0.541992188,1.65466E-06,0.541992188,2.44354E-06
0.544433594,1.10748E-06,0.544433594,1.15936E-06,0.544433594,1.65283E-06,0.544433594,2.44415E-06
0.546875,1.1026E-06,0.546875,1.1554E-06,0.546875,1.6507E-06,0.546875,2.44415E-06
0.549316406,1.09772E-06,0.549316406,1.15204E-06,0.549316406,1.64886E-06,0.549316406,2.44354E-06
0.551757813,1.09253E-06,0.551757813,1.14777E-06,0.551757813,1.6452E-06,0.551757813,2.44049E-06
0.554199219,1.08795E-06,0.554199219,1.14319E-06,0.554199219,1.64215E-06,0.554199219,2.43744E-06
0.556640625,1.08276E-06,0.556640625,1.13922E-06,0.556640625,1.63849E-06,0.556640625,2.43347E-06
0.559082031,1.07819E-06,0.559082031,1.13464E-06,0.559082031,1.63361E-06,0.559082031,2.4292E-06
0.561523438,1.07391E-06,0.561523438,1.12976E-06,0.561523438,1.62933E-06,0.561523438,2.42371E-06
0.563964844,1.07025E-06,0.563964844,1.12427E-06,0.563964844,1.62292E-06,0.563964844,2.41699E-06
0.56640625,1.06537E-06,0.56640625,1.11847E-06,0.56640625,1.6156E-06,0.56640625,2.40936E-06
0.568847656,1.0611E-06,0.568847656,1.11267E-06,0.568847656,1.60919E-06,0.568847656,2.40234E-06
0.571289063,1.05621E-06,0.571289063,1.10718E-06,0.571289063,1.60248E-06,0.571289063,2.3941E-06
0.573730469,1.05194E-06,0.573730469,1.10413E-06,0.573730469,1.59454E-06,0.573730469,2.38556E-06
0.576171875,1.04675E-06,0.576171875,1.09833E-06,0.576171875,1.58691E-06,0.576171875,2.37671E-06
0.578613281,1.04187E-06,0.578613281,1.09222E-06,0.578613281,1.57928E-06,0.578613281,2.36938E-06
0.581054688,1.0379E-06,0.581054688,1.08704E-06,0.581054688,1.57196E-06,0.581054688,2.36023E-06
0.583496094,1.03302E-06,0.583496094,1.08124E-06,0.583496094,1.56464E-06,0.583496094,2.35229E-06
0.5859375,1.02753E-06,0.5859375,1.0788E-06,0.5859375,1.55731E-06,0.5859375,2.34436E-06
0.588378906,1.02325E-06,0.588378906,1.07361E-06,0.588378906,1.55029E-06,0.588378906,2.33551E-06
0.590820313,1.01837E-06,0.590820313,1.06903E-06,0.590820313,1.54327E-06,0.590820313,2.32635E-06
0.593261719,1.01379E-06,0.593261719,1.06415E-06,0.593261719,1.53656E-06,0.593261719,2.3172E-06
0.595703125,1.01013E-06,0.595703125,1.05927E-06,0.595703125,1.52924E-06,0.595703125,2.30743E-06
0.598144531,1.00647E-06,0.598144531,1.05347E-06,0.598144531,1.521E-06,0.598144531,2.29889E-06
0.600585938,1.00281E-06,0.600585938,1.04889E-06,0.600585938,1.51459E-06,0.600585938,2.28973E-06
0.598144531,9.35974E-07,0.598144531,9.83887E-07,0.598144531,1.44287E-06,0.598144531,2.20673E-06
0.595703125,8.8623E-07,0.595703125,9.3689E-07,0.595703125,1.39008E-06,0.595703125,2.146E-06
0.593261719,8.45642E-07,0.593261719,8.96301E-07,0.593261719,1.34705E-06,0.593261719,2.09503E-06
0.590820313,8.09631E-07,0.590820313,8.62427E-07,0.590820313,1.3089E-06,0.590820313,2.04987E-06
0.588378906,7.79419E-07,0.588378906,8.34351E-07,0.588378906,1.27502E-06,0.588378906,2.00928E-06
0.5859375,7.52258E-07,0.5859375,8.078E-07,0.5859375,1.24451E-06,0.5859375,1.97235E-06
0.583496094,7.26624E-07,0.583496094,7.85217E-07,0.583496094,1.21704E-06,0.583496094,1.93817E-06
0.581054688,7.04346E-07,0.581054688,7.63855E-07,0.581054688,1.1908E-06,0.581054688,1.90582E-06
0.578613281,6.83594E-07,0.578613281,7.44934E-07,0.578613281,1.16699E-06,0.578613281,1.87561E-06
0.576171875,6.64978E-07,0.576171875,7.27539E-07,0.576171875,1.14502E-06,0.576171875,1.84723E-06
0.573730469,6.47888E-07,0.573730469,7.09839E-07,0.573730469,1.12274E-06,0.573730469,1.81793E-06
0.571289063,6.31714E-07,0.571289063,6.94275E-07,0.571289063,1.10199E-06,0.571289063,1.79016E-06
0.568847656,6.1676E-07,0.568847656,6.78406E-07,0.568847656,1.08276E-06,0.568847656,1.7627E-06
0.56640625,6.03333E-07,0.56640625,6.63452E-07,0.56640625,1.06201E-06,0.56640625,1.73676E-06
0.563964844,5.896E-07,0.563964844,6.49414E-07,0.563964844,1.04248E-06,0.563964844,1.71021E-06
0.561523438,5.76477E-07,0.561523438,6.35376E-07,0.561523438,1.02386E-06,0.561523438,1.68396E-06
0.559082031,5.6488E-07,0.559082031,6.21338E-07,0.559082031,1.00525E-06,0.559082031,1.65924E-06
0.556640625,5.51147E-07,0.556640625,6.09131E-07,0.556640625,9.86633E-07,0.556640625,1.63452E-06
0.554199219,5.40161E-07,0.554199219,5.96924E-07,0.554199219,9.69238E-07,0.554199219,1.61072E-06
0.551757813,5.28564E-07,0.551757813,5.85327E-07,0.551757813,9.52148E-07,0.551757813,1.58844E-06
0.549316406,5.16663E-07,0.549316406,5.73425E-07,0.549316406,9.34753E-07,0.549316406,1.56555E-06
0.546875,5.05371E-07,0.546875,5.63049E-07,0.546875,9.18274E-07,0.546875,1.54358E-06
0.544433594,4.94385E-07,0.544433594,5.52368E-07,0.544433594,9.021E-07,0.544433594,1.52191E-06
0.541992188,4.84009E-07,0.541992188,5.42603E-07,0.541992188,8.87146E-07,0.541992188,1.50208E-06
0.539550781,4.74854E-07,0.539550781,5.31921E-07,0.539550781,8.72803E-07,0.539550781,1.48102E-06
0.537109375,4.65393E-07,0.537109375,5.22156E-07,0.537109375,8.57544E-07,0.537109375,1.46149E-06
0.534667969,4.56543E-07,0.534667969,5.13E-07,0.534667969,8.4259E-07,0.534667969,1.44196E-06
0.532226563,4.47693E-07,0.532226563,5.0293E-07,0.532226563,8.27942E-07,0.532226563,1.42273E-06
0.529785156,4.39026E-07,0.529785156,4.93164E-07,0.529785156,8.13293E-07,0.529785156,1.40472E-06
0.52734375,4.2981E-07,0.52734375,4.82788E-07,0.52734375,8.00171E-07,0.52734375,1.38672E-06
0.524902344,4.21997E-07,0.524902344,4.73633E-07,0.524902344,7.86438E-07,0.524902344,1.37024E-06
0.522460938,4.12384E-07,0.522460938,4.64783E-07,0.522460938,7.73315E-07,0.522460938,1.35437E-06
0.520019531,4.04053E-07,0.520019531,4.54407E-07,0.520019531,7.60498E-07,0.520019531,1.33911E-06
0.517578125,3.94775E-07,0.517578125,4.46014E-07,0.517578125,7.48596E-07,0.517578125,1.32507E-06
0.515136719,3.8559E-07,0.515136719,4.37775E-07,0.515136719,7.36694E-07,0.515136719,1.31256E-06
0.512695313,3.77045E-07,0.512695313,4.2984E-07,0.512695313,7.26318E-07,0.512695313,1.30035E-06
0.510253906,3.68408E-07,0.510253906,4.22241E-07,0.510253906,7.17163E-07,0.510253906,1.29028E-06
0.5078125,3.59802E-07,0.5078125,4.14581E-07,0.5078125,7.08008E-07,0.5078125,1.28021E-06
0.505371094,3.52264E-07,0.505371094,4.07166E-07,0.505371094,6.99768E-07,0.505371094,1.27045E-06
0.502929688,3.44482E-07,0.502929688,4.0033E-07,0.502929688,6.91528E-07,0.502929688,1.26282E-06
0.500488281,3.37646E-07,0.500488281,3.93311E-07,0.500488281,6.83594E-07,0.500488281,1.25488E-06
0.498046875,3.31085E-07,0.498046875,3.85864E-07,0.498046875,6.7688E-07,0.498046875,1.24725E-06
0.495605469,3.23303E-07,0.495605469,3.78998E-07,0.495605469,6.69861E-07,0.495605469,1.24023E-06
0.493164063,3.16101E-07,0.493164063,3.71765E-07,0.493164063,6.62842E-07,0.493164063,1.23322E-06
0.490722656,3.09509E-07,0.490722656,3.64716E-07,0.490722656,6.57043E-07,0.490722656,1.22742E-06
0.48828125,3.01819E-07,0.48828125,3.58154E-07,0.48828125,6.5033E-07,0.48828125,1.22131E-06
0.485839844,2.94434E-07,0.485839844,3.51501E-07,0.485839844,6.46362E-07,0.485839844,1.21613E-06
0.483398438,2.86957E-07,0.483398438,3.44818E-07,0.483398438,6.40869E-07,0.483398438,1.21185E-06
0.480957031,2.79175E-07,0.480957031,3.38745E-07,0.480957031,6.36292E-07,0.480957031,1.20758E-06
0.478515625,2.71606E-07,0.478515625,3.33923E-07,0.478515625,6.32324E-07,0.478515625,1.20422E-06
0.476074219,2.64771E-07,0.476074219,3.28217E-07,0.476074219,6.28662E-07,0.476074219,1.20178E-06
0.473632813,2.58026E-07,0.473632813,3.22998E-07,0.473632813,0.000000625,0.473632813,1.19904E-06
0.471191406,2.51129E-07,0.471191406,3.18024E-07,0.471191406,6.22864E-07,0.471191406,1.1969E-06
0.46875,2.45056E-07,0.46875,3.12927E-07,0.46875,6.20117E-07,0.46875,1.19446E-06
0.466308594,2.39471E-07,0.466308594,3.0838E-07,0.466308594,6.17371E-07,0.466308594,1.19141E-06
0.463867188,2.33887E-07,0.463867188,3.0307E-07,0.463867188,6.14929E-07,0.463867188,1.18927E-06
0.461425781,2.27997E-07,0.461425781,2.97577E-07,0.461425781,6.12183E-07,0.461425781,1.18652E-06
0.458984375,2.22656E-07,0.458984375,2.92511E-07,0.458984375,6.08521E-07,0.458984375,1.18317E-06
0.456542969,2.16736E-07,0.456542969,2.8714E-07,0.456542969,6.06079E-07,0.456542969,1.18073E-06
0.454101563,2.1051E-07,0.454101563,2.82135E-07,0.454101563,6.03638E-07,0.454101563,1.17737E-06
0.451660156,2.04681E-07,0.451660156,2.7655E-07,0.451660156,5.9967E-07,0.451660156,1.17493E-06
0.44921875,1.98059E-07,0.44921875,2.71942E-07,0.44921875,5.97229E-07,0.44921875,1.17157E-06
0.446777344,1.9278E-07,0.446777344,2.66754E-07,0.446777344,5.94177E-07,0.446777344,1.16943E-06
0.444335938,1.85669E-07,0.444335938,2.62634E-07,0.444335938,5.92041E-07,0.444335938,1.1676E-06
0.441894531,1.8042E-07,0.441894531,2.58057E-07,0.441894531,5.896E-07,0.441894531,1.16577E-06
0.439453125,1.74896E-07,0.439453125,2.54181E-07,0.439453125,5.86853E-07,0.439453125,1.16333E-06
0.437011719,1.69525E-07,0.437011719,2.50397E-07,0.437011719,5.85632E-07,0.437011719,1.16119E-06
0.434570313,1.64581E-07,0.434570313,2.45819E-07,0.434570313,5.83801E-07,0.434570313,1.15906E-06
0.432128906,1.59454E-07,0.432128906,2.41119E-07,0.432128906,5.8136E-07,0.432128906,1.15601E-06
0.4296875,1.55396E-07,0.4296875,2.36694E-07,0.4296875,5.78308E-07,0.4296875,1.15387E-06
0.427246094,1.5152E-07,0.427246094,2.3175E-07,0.427246094,5.75562E-07,0.427246094,1.15112E-06
0.424804688,1.45935E-07,0.424804688,2.26929E-07,0.424804688,5.7251E-07,0.424804688,1.14777E-06
0.422363281,1.42029E-07,0.422363281,2.22443E-07,0.422363281,5.69153E-07,0.422363281,1.14441E-06
0.419921875,1.36719E-07,0.419921875,2.16705E-07,0.419921875,5.65796E-07,0.419921875,1.14044E-06
0.417480469,1.3266E-07,0.417480469,2.1225E-07,0.417480469,5.62744E-07,0.417480469,1.13708E-06
0.415039063,1.26892E-07,0.415039063,2.07458E-07,0.415039063,5.59082E-07,0.415039063,1.13251E-06
0.412597656,1.21826E-07,0.412597656,2.03003E-07,0.412597656,5.55725E-07,0.412597656,1.12976E-06
0.41015625,1.16943E-07,0.41015625,1.98364E-07,0.41015625,5.52368E-07,0.41015625,1.12549E-06
0.407714844,1.12762E-07,0.407714844,1.94061E-07,0.407714844,5.48706E-07,0.407714844,1.12183E-06
0.405273438,1.07178E-07,0.405273438,1.90094E-07,0.405273438,5.45349E-07,0.405273438,1.11847E-06
0.402832031,1.02875E-07,0.402832031,1.8573E-07,0.402832031,5.42603E-07,0.402832031,1.11511E-06
0.400390625,9.78088E-08,0.400390625,1.81671E-07,0.400390625,5.39551E-07,0.400390625,1.11115E-06
0.397949219,9.43298E-08,0.397949219,1.76575E-07,0.397949219,5.36499E-07,0.397949219,1.10718E-06
0.395507813,9.07288E-08,0.395507813,1.73035E-07,0.395507813,5.33447E-07,0.395507813,1.10229E-06
0.393066406,8.64868E-08,0.393066406,1.68396E-07,0.393066406,5.2948E-07,0.393066406,1.09741E-06
0.390625,8.255E-08,0.390625,1.63177E-07,0.390625,5.25208E-07,0.390625,1.09192E-06
0.388183594,7.9071E-08,0.388183594,1.58386E-07,0.388183594,5.2002E-07,0.388183594,1.08612E-06
0.385742188,7.4707E-08,0.385742188,1.5329E-07,0.385742188,5.15137E-07,0.385742188,1.07971E-06
0.383300781,7.00989E-08,0.383300781,1.48468E-07,0.383300781,5.09949E-07,0.383300781,1.073E-06
0.380859375,6.56433E-08,0.380859375,1.4328E-07,0.380859375,5.04456E-07,0.380859375,1.06659E-06
0.378417969,6.09436E-08,0.378417969,1.38824E-07,0.378417969,5.00183E-07,0.378417969,1.05896E-06
0.375976563,5.6427E-08,0.375976563,1.34277E-07,0.375976563,4.94385E-07,0.375976563,1.05164E-06
0.373535156,5.2063E-08,0.373535156,1.28693E-07,0.373535156,4.88892E-07,0.373535156,1.04431E-06
0.37109375,4.74243E-08,0.37109375,1.25824E-07,0.37109375,4.84314E-07,0.37109375,1.03699E-06
0.368652344,4.27856E-08,0.368652344,1.21796E-07,0.368652344,4.78516E-07,0.368652344,1.02875E-06
0.366210938,3.94287E-08,0.366210938,1.17157E-07,0.366210938,4.73022E-07,0.366210938,1.0202E-06
0.363769531,3.5553E-08,0.363769531,1.12762E-07,0.363769531,4.67529E-07,0.363769531,1.01044E-06
0.361328125,3.16162E-08,0.361328125,1.08307E-07,0.361328125,4.61731E-07,0.361328125,1.00037E-06
0.358886719,2.88055E-08,0.358886719,1.03271E-07,0.358886719,4.55933E-07,0.358886719,9.89075E-07
0.356445313,0.000000025,0.356445313,9.89075E-08,0.356445313,4.48914E-07,0.356445313,9.77478E-07
0.354003906,2.14203E-08,0.354003906,9.29565E-08,0.354003906,4.4104E-07,0.354003906,9.6405E-07
0.3515625,1.71509E-08,0.3515625,8.7616E-08,0.3515625,4.33228E-07,0.3515625,9.50012E-07
0.349121094,1.28662E-08,0.349121094,8.19397E-08,0.349121094,4.24896E-07,0.349121094,9.35059E-07
0.346679688,8.34351E-09,0.346679688,7.73621E-08,0.346679688,4.15253E-07,0.346679688,9.18579E-07
0.344238281,3.50342E-09,0.344238281,7.15637E-08,0.344238281,4.06036E-07,0.344238281,9.021E-07
0.341796875,-9.09424E-10,0.341796875,6.66504E-08,0.341796875,3.96729E-07,0.341796875,8.83789E-07
0.339355469,-5.79834E-09,0.339355469,6.17676E-08,0.339355469,3.87115E-07,0.339355469,8.64258E-07
0.336914063,-1.01593E-08,0.336914063,5.70374E-08,0.336914063,3.77289E-07,0.336914063,8.44421E-07
0.334472656,-1.48804E-08,0.334472656,5.23376E-08,0.334472656,3.66913E-07,0.334472656,8.22449E-07
0.33203125,-1.85791E-08,0.33203125,4.74243E-08,0.33203125,3.55469E-07,0.33203125,7.99255E-07
0.329589844,-2.23694E-08,0.329589844,4.24805E-08,0.329589844,3.45734E-07,0.329589844,7.74536E-07
0.327148438,-2.6004E-08,0.327148438,3.70789E-08,0.327148438,3.32642E-07,0.327148438,7.46155E-07
0.324707031,-2.90558E-08,0.324707031,3.06702E-08,0.324707031,3.19092E-07,0.324707031,7.17468E-07
0.322265625,-3.32947E-08,0.322265625,2.42493E-08,0.322265625,3.04504E-07,0.322265625,6.86035E-07
0.319824219,-3.76282E-08,0.319824219,1.89148E-08,0.319824219,2.89795E-07,0.319824219,6.51245E-07
0.317382813,-4.1687E-08,0.317382813,1.1969E-08,0.317382813,2.72614E-07,0.317382813,6.14319E-07
0.314941406,-4.64783E-08,0.314941406,4.63562E-09,0.314941406,2.55066E-07,0.314941406,5.74341E-07
0.3125,-5.21851E-08,0.3125,-1.41907E-09,0.3125,2.35901E-07,0.3125,5.31006E-07
0.310058594,-5.66101E-08,0.310058594,-9.0332E-09,0.310058594,2.16827E-07,0.310058594,4.85535E-07
0.307617188,-6.20422E-08,0.307617188,-1.58203E-08,0.307617188,1.9635E-07,0.307617188,4.36951E-07
0.305175781,-6.75354E-08,0.305175781,-2.23145E-08,0.305175781,1.74652E-07,0.305175781,3.86932E-07
0.302734375,-7.33337E-08,0.302734375,-2.92725E-08,0.302734375,1.52374E-07,0.302734375,3.32733E-07
0.300292969,-7.8949E-08,0.300292969,-3.60413E-08,0.300292969,1.29272E-07,0.300292969,2.77039E-07
0.297851563,-8.41064E-08,0.297851563,-4.3457E-08,0.297851563,1.0556E-07,0.297851563,2.16583E-07
0.295410156,-8.90198E-08,0.295410156,-5.18799E-08,0.295410156,7.86438E-08,0.295410156,1.53473E-07
0.29296875,-9.375E-08,0.29296875,-5.94788E-08,0.29296875,5.17578E-08,0.29296875,8.5083E-08
0.290527344,-9.87244E-08,0.290527344,-6.87561E-08,0.290527344,2.31628E-08,0.290527344,1.48315E-08
0.288085938,-1.03668E-07,0.288085938,-7.77588E-08,0.288085938,-7.84302E-09,0.288085938,-5.94482E-08
0.285644531,-1.09741E-07,0.285644531,-8.71277E-08,0.285644531,-3.99475E-08,0.285644531,-1.36993E-07
0.283203125,-1.15479E-07,0.283203125,-9.72595E-08,0.283203125,-7.32422E-08,0.283203125,-2.18262E-07
0.280761719,-1.21582E-07,0.280761719,-1.07513E-07,0.280761719,-1.073E-07,0.280761719,-2.99713E-07
0.278320313,-1.28601E-07,0.278320313,-1.17584E-07,0.278320313,-1.42334E-07,0.278320313,-3.86078E-07
0.275878906,-1.35223E-07,0.275878906,-1.28387E-07,0.275878906,-1.78558E-07,0.275878906,-4.74548E-07
0.2734375,-1.41907E-07,0.2734375,-1.38763E-07,0.2734375,-2.15698E-07,0.2734375,-5.63049E-07
0.270996094,-1.49689E-07,0.270996094,-1.4975E-07,0.270996094,-2.5293E-07,0.270996094,-6.52466E-07
0.268554688,-1.55975E-07,0.268554688,-1.58997E-07,0.268554688,-2.8894E-07,0.268554688,-7.42493E-07
0.266113281,-1.63666E-07,0.266113281,-1.69067E-07,0.266113281,-3.26202E-07,0.266113281,-8.32825E-07
0.263671875,-1.69769E-07,0.263671875,-1.79474E-07,0.263671875,-3.62762E-07,0.263671875,-9.23157E-07
0.261230469,-1.76392E-07,0.261230469,-1.90369E-07,0.261230469,-3.99109E-07,0.261230469,-1.01013E-06
0.258789063,-1.82587E-07,0.258789063,-2.00287E-07,0.258789063,-4.3396E-07,0.258789063,-1.09924E-06
0.256347656,-1.88751E-07,0.256347656,-2.11273E-07,0.256347656,-4.70886E-07,0.256347656,-1.1853E-06
0.25390625,-1.94855E-07,0.25390625,-2.22504E-07,0.25390625,-5.06287E-07,0.25390625,-1.27014E-06
0.251464844,-2.01599E-07,0.251464844,-2.31964E-07,0.251464844,-5.40466E-07,0.251464844,-1.35101E-06
0.249023438,-2.07855E-07,0.249023438,-2.42889E-07,0.249023438,-5.74036E-07,0.249023438,-1.42944E-06
0.246582031,-2.14172E-07,0.246582031,-2.53448E-07,0.246582031,-6.05774E-07,0.246582031,-1.5033E-06
0.244140625,-2.21497E-07,0.244140625,-2.63123E-07,0.244140625,-6.37207E-07,0.244140625,-1.57318E-06
0.241699219,-2.27997E-07,0.241699219,-2.7298E-07,0.241699219,-6.64673E-07,0.241699219,-1.63757E-06
0.239257813,-2.3468E-07,0.239257813,-2.82135E-07,0.239257813,-6.92139E-07,0.239257813,-1.69769E-06
0.236816406,-2.41302E-07,0.236816406,-2.9129E-07,0.236816406,-7.17773E-07,0.236816406,-1.75232E-06
0.234375,-2.48352E-07,0.234375,-2.99103E-07,0.234375,-7.41272E-07,0.234375,-1.80328E-06
0.231933594,-2.55066E-07,0.231933594,-3.06458E-07,0.231933594,-7.61719E-07,0.231933594,-1.84662E-06
0.229492188,-2.60254E-07,0.229492188,-3.13446E-07,0.229492188,-7.79724E-07,0.229492188,-1.88446E-06
0.227050781,-2.66235E-07,0.227050781,-3.20862E-07,0.227050781,-7.97119E-07,0.227050781,-1.91864E-06
0.224609375,-2.7179E-07,0.224609375,-3.28461E-07,0.224609375,-8.12378E-07,0.224609375,-1.94733E-06
0.222167969,-2.76306E-07,0.222167969,-3.34656E-07,0.222167969,-8.255E-07,0.222167969,-1.97052E-06
0.219726563,-2.81036E-07,0.219726563,-3.41431E-07,0.219726563,-8.38928E-07,0.219726563,-1.99249E-06
0.217285156,-2.86438E-07,0.217285156,-3.48389E-07,0.217285156,-8.49915E-07,0.217285156,-2.00928E-06
0.21484375,-2.91412E-07,0.21484375,-3.54767E-07,0.21484375,-8.59375E-07,0.21484375,-2.02209E-06
0.212402344,-2.97211E-07,0.212402344,-3.61115E-07,0.212402344,-8.6792E-07,0.212402344,-2.02942E-06
0.209960938,-3.03253E-07,0.209960938,-3.67462E-07,0.209960938,-8.74329E-07,0.209960938,-2.03491E-06
0.207519531,-3.08472E-07,0.207519531,-3.73474E-07,0.207519531,-8.80432E-07,0.207519531,-2.03766E-06
0.205078125,-3.14148E-07,0.205078125,-3.78967E-07,0.205078125,-8.8501E-07,0.205078125,-2.03552E-06
0.202636719,-3.19611E-07,0.202636719,-3.83118E-07,0.202636719,-8.88672E-07,0.202636719,-2.03125E-06
0.200195313,-3.2605E-07,0.200195313,-3.87817E-07,0.200195313,-8.90808E-07,0.200195313,-2.02454E-06
0.197753906,-3.31055E-07,0.197753906,-3.92761E-07,0.197753906,-8.92334E-07,0.197753906,-2.01538E-06
0.1953125,-3.36273E-07,0.1953125,-3.96881E-07,0.1953125,-8.92944E-07,0.1953125,-2.00439E-06
0.192871094,-3.42194E-07,0.192871094,-4.01245E-07,0.192871094,-8.92334E-07,0.192871094,-1.99188E-06
0.190429688,-3.47382E-07,0.190429688,-4.05884E-07,0.190429688,-8.90808E-07,0.190429688,-1.97693E-06
0.187988281,-3.51807E-07,0.187988281,-4.10583E-07,0.187988281,-8.91113E-07,0.187988281,-1.96136E-06
0.185546875,-3.56689E-07,0.185546875,-4.15558E-07,0.185546875,-8.88977E-07,0.185546875,-1.94489E-06
0.183105469,-3.61115E-07,0.183105469,-4.198E-07,0.183105469,-8.87146E-07,0.183105469,-1.92719E-06
0.180664063,-3.6676E-07,0.180664063,-4.24835E-07,0.180664063,-8.85315E-07,0.180664063,-1.91071E-06
0.178222656,-3.71643E-07,0.178222656,-4.29932E-07,0.178222656,-8.84094E-07,0.178222656,-1.8924E-06
0.17578125,-3.78418E-07,0.17578125,-4.34906E-07,0.17578125,-8.82568E-07,0.17578125,-1.87531E-06
0.173339844,-3.83881E-07,0.173339844,-4.40063E-07,0.173339844,-8.80432E-07,0.173339844,-1.85638E-06
0.170898438,-3.90533E-07,0.170898438,-4.45557E-07,0.170898438,-8.78906E-07,0.170898438,-1.83777E-06
0.168457031,-3.97156E-07,0.168457031,-4.49524E-07,0.168457031,-8.76465E-07,0.168457031,-1.81885E-06
0.166015625,-4.03931E-07,0.166015625,-4.54102E-07,0.166015625,-8.74939E-07,0.166015625,-1.80084E-06
0.163574219,-4.10309E-07,0.163574219,-4.58374E-07,0.163574219,-8.72498E-07,0.163574219,-1.78253E-06
0.161132813,-4.17114E-07,0.161132813,-4.62952E-07,0.161132813,-8.70056E-07,0.161132813,-1.76422E-06
0.158691406,-4.23798E-07,0.158691406,-4.69055E-07,0.158691406,-8.68835E-07,0.158691406,-1.74591E-06
0.15625,-4.30359E-07,0.15625,-4.75464E-07,0.15625,-8.66089E-07,0.15625,-1.72791E-06
0.153808594,-4.36646E-07,0.153808594,-4.79736E-07,0.153808594,-8.63953E-07,0.153808594,-1.71021E-06
0.151367188,-4.42932E-07,0.151367188,-4.86755E-07,0.151367188,-8.62427E-07,0.151367188,-1.69403E-06
0.148925781,-4.49554E-07,0.148925781,-4.93469E-07,0.148925781,-8.62122E-07,0.148925781,-1.67755E-06
0.146484375,-4.56268E-07,0.146484375,-5.00183E-07,0.146484375,-8.60596E-07,0.146484375,-1.66199E-06
0.144042969,-4.63867E-07,0.144042969,-5.06897E-07,0.144042969,-8.61206E-07,0.144042969,-1.64825E-06
0.141601563,-4.71802E-07,0.141601563,-5.13611E-07,0.141601563,-8.61816E-07,0.141601563,-1.63452E-06
0.139160156,-4.80042E-07,0.139160156,-5.20325E-07,0.139160156,-8.63037E-07,0.139160156,-1.62262E-06
0.13671875,-4.89197E-07,0.13671875,-5.28259E-07,0.13671875,-8.64258E-07,0.13671875,-1.61102E-06
0.134277344,-4.97437E-07,0.134277344,-5.34363E-07,0.134277344,-8.66089E-07,0.134277344,-1.59882E-06
0.131835938,-5.06897E-07,0.131835938,-5.42297E-07,0.131835938,-8.6731E-07,0.131835938,-1.58905E-06
0.129394531,-5.16357E-07,0.129394531,-5.49927E-07,0.129394531,-8.69446E-07,0.129394531,-1.57806E-06
0.126953125,-5.26123E-07,0.126953125,-5.57556E-07,0.126953125,-8.71277E-07,0.126953125,-1.56891E-06
0.124511719,-5.35583E-07,0.124511719,-5.66101E-07,0.124511719,-8.74634E-07,0.124511719,-1.56006E-06
0.122070313,-5.45044E-07,0.122070313,-5.74646E-07,0.122070313,-8.76465E-07,0.122070313,-1.55121E-06
0.119628906,-5.55115E-07,0.119628906,-5.85327E-07,0.119628906,-8.79822E-07,0.119628906,-1.54388E-06
0.1171875,-5.64575E-07,0.1171875,-5.94482E-07,0.1171875,-8.83484E-07,0.1171875,-1.53625E-06
0.114746094,-5.75256E-07,0.114746094,-6.05164E-07,0.114746094,-8.87756E-07,0.114746094,-1.53107E-06
0.112304688,-5.86243E-07,0.112304688,-6.14929E-07,0.112304688,-8.92639E-07,0.112304688,-1.52618E-06
0.109863281,-5.97839E-07,0.109863281,-6.26526E-07,0.109863281,-8.98438E-07,0.109863281,-1.52222E-06
0.107421875,-6.08826E-07,0.107421875,-6.36902E-07,0.107421875,-9.04846E-07,0.107421875,-1.52008E-06
0.104980469,-6.21338E-07,0.104980469,-6.49414E-07,0.104980469,-9.11865E-07,0.104980469,-1.51703E-06
0.102539063,-6.35681E-07,0.102539063,-6.61316E-07,0.102539063,-9.19495E-07,0.102539063,-1.5155E-06
0.100097656,-6.48499E-07,0.100097656,-6.72607E-07,0.100097656,-9.27124E-07,0.100097656,-1.51611E-06
0.09765625,-6.63147E-07,0.09765625,-6.86035E-07,0.09765625,-9.35669E-07,0.09765625,-1.51581E-06
0.095214844,-6.7749E-07,0.095214844,-6.98853E-07,0.095214844,-9.43909E-07,0.095214844,-1.51703E-06
0.092773438,-6.92139E-07,0.092773438,-7.1106E-07,0.092773438,-9.53674E-07,0.092773438,-1.51947E-06
0.090332031,-7.07397E-07,0.090332031,-7.25403E-07,0.090332031,-9.6283E-07,0.090332031,-1.52039E-06
0.087890625,-7.23267E-07,0.087890625,-7.40662E-07,0.087890625,-9.72595E-07,0.087890625,-1.52344E-06
0.085449219,-7.38831E-07,0.085449219,-7.55615E-07,0.085449219,-9.82361E-07,0.085449219,-1.52649E-06
0.083007813,-7.5592E-07,0.083007813,-7.724E-07,0.083007813,-9.93347E-07,0.083007813,-1.53076E-06
0.080566406,-7.7301E-07,0.080566406,-7.88574E-07,0.080566406,-1.00647E-06,0.080566406,-1.53656E-06
0.078125,-7.9071E-07,0.078125,-8.06885E-07,0.078125,-1.01868E-06,0.078125,-1.54266E-06
0.075683594,-8.09326E-07,0.075683594,-8.25195E-07,0.075683594,-1.03302E-06,0.075683594,-1.54938E-06
0.073242188,-8.29163E-07,0.073242188,-8.44116E-07,0.073242188,-1.04858E-06,0.073242188,-1.55853E-06
0.070800781,-8.49609E-07,0.070800781,-8.64868E-07,0.070800781,-1.06262E-06,0.070800781,-1.56738E-06
0.068359375,-8.71887E-07,0.068359375,-8.85315E-07,0.068359375,-1.07941E-06,0.068359375,-1.57898E-06
0.065917969,-8.93555E-07,0.065917969,-9.05762E-07,0.065917969,-1.09528E-06,0.065917969,-1.58905E-06
0.063476563,-9.17969E-07,0.063476563,-9.26819E-07,0.063476563,-1.11359E-06,0.063476563,-1.60156E-06
0.061035156,-9.43298E-07,0.061035156,-9.50623E-07,0.061035156,-1.1322E-06,0.061035156,-1.61438E-06
0.05859375,-9.68628E-07,0.05859375,-9.74426E-07,0.05859375,-1.15234E-06,0.05859375,-1.62872E-06
0.056152344,-9.93958E-07,0.056152344,-9.97314E-07,0.056152344,-1.17126E-06,0.056152344,-1.64307E-06
0.053710938,-1.02295E-06,0.053710938,-1.02386E-06,0.053710938,-1.19232E-06,0.053710938,-1.65802E-06
0.051269531,-1.05042E-06,0.051269531,-1.05103E-06,0.051269531,-1.21307E-06,0.051269531,-1.67389E-06
0.048828125,-1.07971E-06,0.048828125,-1.0791E-06,0.048828125,-1.23596E-06,0.048828125,-1.69037E-06
0.046386719,-1.10931E-06,0.046386719,-1.10931E-06,0.046386719,-1.26007E-06,0.046386719,-1.70868E-06
0.043945313,-1.14227E-06,0.043945313,-1.14014E-06,0.043945313,-1.2851E-06,0.043945313,-1.72852E-06
0.041503906,-1.17493E-06,0.041503906,-1.17157E-06,0.041503906,-1.31134E-06,0.041503906,-1.74835E-06
0.0390625,-1.21094E-06,0.0390625,-1.20605E-06,0.0390625,-1.33911E-06,0.0390625,-1.76941E-06
0.036621094,-1.24725E-06,0.036621094,-1.24146E-06,0.036621094,-1.36871E-06,0.036621094,-1.79291E-06
0.034179688,-1.28632E-06,0.034179688,-1.27655E-06,0.034179688,-1.39862E-06,0.034179688,-1.81641E-06
0.031738281,-1.32599E-06,0.031738281,-1.3147E-06,0.031738281,-1.43066E-06,0.031738281,-1.84357E-06
0.029296875,-1.3681E-06,0.029296875,-1.35376E-06,0.029296875,-1.46301E-06,0.029296875,-1.8689E-06
0.026855469,-1.41113E-06,0.026855469,-1.39221E-06,0.026855469,-1.49597E-06,0.026855469,-1.89606E-06
0.024414063,-1.4566E-06,0.024414063,-1.43372E-06,0.024414063,-1.53107E-06,0.024414063,-1.92474E-06
0.021972656,-1.5033E-06,0.021972656,-1.47614E-06,0.021972656,-1.56677E-06,0.021972656,-1.95374E-06
0.01953125,-1.55121E-06,0.01953125,-1.52252E-06,0.01953125,-1.6037E-06,0.01953125,-1.98364E-06
0.017089844,-1.60156E-06,0.017089844,-1.5686E-06,0.017089844,-1.64093E-06,0.017089844,-2.01385E-06
0.014648438,-1.65222E-06,0.014648438,-1.61682E-06,0.014648438,-1.6803E-06,0.014648438,-2.04559E-06
0.012207031,-1.70471E-06,0.012207031,-1.66779E-06,0.012207031,-1.72058E-06,0.012207031,-2.07886E-06
0.009765625,-1.75964E-06,0.009765625,-1.71906E-06,0.009765625,-1.76361E-06,0.009765625,-2.11365E-06
0.007324219,-1.8158E-06,0.007324219,-1.77155E-06,0.007324219,-1.80481E-06,0.007324219,-2.14783E-06
0.004882813,-1.87408E-06,0.004882813,-1.82678E-06,0.004882813,-1.85028E-06,0.004882813,-2.18414E-06
0.002441406,-1.93481E-06,0.002441406,-1.88263E-06,0.002441406,-1.89606E-06,0.002441406,-2.22229E-06
0,-1.99677E-06,0,-1.9397E-06,0,-1.94336E-06,0,-2.26074E-06