z1,I1,z2,I2,z3,I3,z4,I4,z5,I5
7.30E-08,3.05E-12,9.20E-08,1.53E-11,8.98E-08,1.22E-11,-3.16E-10,1.46E-10,4.32E-08,3.05E-12
7.30E-08,6.10E-12,9.20E-08,1.83E-11,8.98E-08,3.05E-12,-3.10E-10,1.28E-10,4.32E-08,1.53E-11
7.30E-08,1.22E-11,9.20E-08,3.05E-12,8.98E-08,-1.83E-11,-3.04E-10,1.37E-10,4.32E-08,3.05E-12
7.30E-08,1.53E-11,9.20E-08,1.83E-11,8.98E-08,9.16E-12,-2.98E-10,9.77E-11,4.33E-08,1.22E-11
7.30E-08,9.31E-17,9.20E-08,6.10E-12,8.99E-08,1.53E-11,-2.92E-10,1.34E-10,4.33E-08,9.31E-17
7.31E-08,9.16E-12,9.20E-08,1.53E-11,8.99E-08,1.22E-11,-2.87E-10,1.37E-10,4.33E-08,9.16E-12
7.31E-08,9.31E-17,9.20E-08,-3.05E-12,8.99E-08,1.53E-11,-2.81E-10,1.34E-10,4.33E-08,1.53E-11
7.31E-08,1.83E-11,9.20E-08,1.22E-11,8.99E-08,9.31E-17,-2.75E-10,1.34E-10,4.33E-08,1.22E-11
7.31E-08,6.10E-12,9.20E-08,1.53E-11,8.99E-08,9.31E-17,-2.69E-10,1.28E-10,4.33E-08,6.10E-12
7.31E-08,6.10E-12,9.20E-08,1.53E-11,8.99E-08,6.10E-12,-2.63E-10,1.37E-10,4.33E-08,6.10E-12
7.31E-08,1.22E-11,9.20E-08,3.05E-12,8.99E-08,1.53E-11,-2.57E-10,1.25E-10,4.33E-08,1.22E-11
7.31E-08,1.53E-11,9.20E-08,1.22E-11,8.99E-08,9.31E-17,-2.51E-10,1.53E-10,4.33E-08,1.53E-11
7.31E-08,9.31E-17,9.20E-08,1.83E-11,8.99E-08,1.22E-11,-2.45E-10,1.31E-10,4.33E-08,1.22E-11
7.31E-08,1.22E-11,9.21E-08,2.14E-11,8.99E-08,6.10E-12,-2.39E-10,1.50E-10,4.33E-08,-3.05E-12
7.31E-08,9.16E-12,9.21E-08,9.16E-12,8.99E-08,1.22E-11,-2.34E-10,1.34E-10,4.33E-08,1.53E-11
7.31E-08,1.22E-11,9.21E-08,2.14E-11,8.99E-08,6.10E-12,-2.28E-10,1.28E-10,4.33E-08,9.16E-12
7.31E-08,1.53E-11,9.21E-08,1.22E-11,8.99E-08,9.16E-12,-2.22E-10,1.22E-10,4.33E-08,1.22E-11
7.31E-08,1.22E-11,9.21E-08,2.14E-11,8.99E-08,6.10E-12,-2.16E-10,1.46E-10,4.33E-08,3.05E-12
7.31E-08,6.10E-12,9.21E-08,1.22E-11,8.99E-08,6.10E-12,-2.10E-10,1.34E-10,4.33E-08,6.10E-12
7.31E-08,1.53E-11,9.21E-08,2.14E-11,8.99E-08,-9.16E-12,-2.04E-10,1.34E-10,4.33E-08,1.22E-11
7.31E-08,2.14E-11,9.21E-08,2.14E-11,8.99E-08,3.05E-12,-1.98E-10,1.13E-10,4.34E-08,1.22E-11
7.31E-08,9.31E-17,9.21E-08,9.16E-12,9.00E-08,6.10E-12,-1.92E-10,1.46E-10,4.34E-08,-2.14E-11
7.32E-08,9.16E-12,9.21E-08,2.14E-11,9.00E-08,3.05E-12,-1.87E-10,1.28E-10,4.34E-08,2.14E-11
7.32E-08,2.14E-11,9.21E-08,1.53E-11,9.00E-08,3.05E-12,-1.81E-10,1.34E-10,4.34E-08,9.31E-17
7.32E-08,1.22E-11,9.21E-08,2.14E-11,9.00E-08,3.05E-12,-1.75E-10,1.25E-10,4.34E-08,9.16E-12
7.32E-08,9.16E-12,9.21E-08,1.53E-11,9.00E-08,1.53E-11,-1.69E-10,1.43E-10,4.34E-08,-6.10E-12
7.32E-08,1.53E-11,9.21E-08,2.75E-11,9.00E-08,6.10E-12,-1.63E-10,1.31E-10,4.34E-08,3.05E-12
7.32E-08,1.53E-11,9.21E-08,1.53E-11,9.00E-08,6.10E-12,-1.57E-10,1.40E-10,4.34E-08,9.16E-12
7.32E-08,2.14E-11,9.21E-08,1.22E-11,9.00E-08,2.14E-11,-1.51E-10,1.25E-10,4.34E-08,6.10E-12
7.32E-08,3.05E-12,9.21E-08,6.10E-12,9.00E-08,3.05E-12,-1.45E-10,1.28E-10,4.34E-08,9.31E-17
7.32E-08,9.16E-12,9.22E-08,1.83E-11,9.00E-08,6.10E-12,-1.39E-10,1.28E-10,4.34E-08,1.53E-11
7.32E-08,9.31E-17,9.22E-08,9.31E-17,9.00E-08,9.31E-17,-1.34E-10,1.25E-10,4.34E-08,6.10E-12
7.32E-08,6.10E-12,9.22E-08,1.53E-11,9.00E-08,1.53E-11,-1.28E-10,1.19E-10,4.34E-08,1.83E-11
7.32E-08,3.05E-12,9.22E-08,2.14E-11,9.00E-08,9.16E-12,-1.22E-10,1.31E-10,4.34E-08,6.10E-12
7.32E-08,1.22E-11,9.22E-08,1.53E-11,9.00E-08,1.53E-11,-1.16E-10,1.31E-10,4.34E-08,1.22E-11
7.32E-08,1.53E-11,9.22E-08,-6.10E-12,9.00E-08,1.22E-11,-1.10E-10,1.34E-10,4.34E-08,1.22E-11
7.32E-08,1.53E-11,9.22E-08,1.53E-11,9.00E-08,-6.10E-12,-1.04E-10,1.50E-10,4.34E-08,9.16E-12
7.32E-08,-3.05E-12,9.22E-08,1.22E-11,9.00E-08,9.16E-12,-9.83E-11,1.31E-10,4.35E-08,9.16E-12
7.32E-08,9.16E-12,9.22E-08,1.22E-11,9.01E-08,9.31E-17,-9.24E-11,1.34E-10,4.35E-08,-9.16E-12
7.33E-08,3.05E-12,9.22E-08,1.22E-11,9.01E-08,1.53E-11,-8.65E-11,1.34E-10,4.35E-08,9.16E-12
7.33E-08,2.44E-11,9.22E-08,2.75E-11,9.01E-08,9.31E-17,-8.06E-11,1.56E-10,4.35E-08,1.83E-11
7.33E-08,6.10E-12,9.22E-08,1.22E-11,9.01E-08,3.05E-12,-7.47E-11,1.22E-10,4.35E-08,1.53E-11
7.33E-08,9.16E-12,9.22E-08,2.14E-11,9.01E-08,1.53E-11,-6.89E-11,1.37E-10,4.35E-08,3.05E-12
7.33E-08,6.10E-12,9.22E-08,-3.05E-12,9.01E-08,9.16E-12,-6.30E-11,1.13E-10,4.35E-08,9.16E-12
7.33E-08,1.83E-11,9.22E-08,3.05E-12,9.01E-08,9.31E-17,-5.71E-11,1.25E-10,4.35E-08,1.22E-11
7.33E-08,1.22E-11,9.22E-08,1.83E-11,9.01E-08,9.31E-17,-5.12E-11,1.13E-10,4.35E-08,1.22E-11
7.33E-08,1.53E-11,9.22E-08,1.53E-11,9.01E-08,3.05E-12,-4.53E-11,1.31E-10,4.35E-08,3.05E-12
7.33E-08,1.22E-11,9.23E-08,1.22E-11,9.01E-08,6.10E-12,-3.94E-11,1.16E-10,4.35E-08,1.53E-11
7.33E-08,1.53E-11,9.23E-08,1.53E-11,9.01E-08,-6.10E-12,-3.36E-11,1.37E-10,4.35E-08,9.16E-12
7.33E-08,1.53E-11,9.23E-08,1.83E-11,9.01E-08,9.16E-12,-2.77E-11,4.88E-11,4.35E-08,2.44E-11
7.33E-08,1.22E-11,9.23E-08,1.53E-11,9.01E-08,3.05E-12,-2.18E-11,8.24E-11,4.35E-08,1.83E-11
7.33E-08,1.53E-11,9.23E-08,1.53E-11,9.01E-08,6.10E-12,-1.59E-11,6.10E-11,4.35E-08,1.22E-11
7.33E-08,1.22E-11,9.23E-08,6.10E-12,9.01E-08,9.31E-17,-1.00E-11,7.02E-11,4.35E-08,1.22E-11
7.33E-08,1.53E-11,9.23E-08,2.14E-11,9.01E-08,6.10E-12,-4.15E-12,7.93E-11,4.35E-08,9.16E-12
7.33E-08,6.10E-12,9.23E-08,1.53E-11,9.01E-08,3.05E-12,1.73E-12,1.31E-10,4.36E-08,9.31E-17
7.33E-08,1.83E-11,9.23E-08,1.83E-11,9.02E-08,1.53E-11,7.62E-12,1.28E-10,4.36E-08,1.53E-11
7.34E-08,3.05E-12,9.23E-08,9.31E-17,9.02E-08,9.31E-17,1.35E-11,1.22E-10,4.36E-08,1.22E-11
7.34E-08,9.16E-12,9.23E-08,2.14E-11,9.02E-08,1.22E-11,1.94E-11,1.16E-10,4.36E-08,1.53E-11
7.34E-08,6.10E-12,9.23E-08,9.16E-12,9.02E-08,9.16E-12,2.53E-11,1.46E-10,4.36E-08,9.31E-17
7.34E-08,1.83E-11,9.23E-08,2.44E-11,9.02E-08,1.53E-11,3.11E-11,1.46E-10,4.36E-08,2.14E-11
7.34E-08,1.53E-11,9.23E-08,9.31E-17,9.02E-08,3.05E-12,3.70E-11,1.56E-10,4.36E-08,6.10E-12
7.34E-08,9.16E-12,9.23E-08,9.16E-12,9.02E-08,1.22E-11,4.29E-11,1.59E-10,4.36E-08,1.22E-11
7.34E-08,1.22E-11,9.23E-08,1.22E-11,9.02E-08,1.53E-11,4.88E-11,1.40E-10,4.36E-08,1.83E-11
7.34E-08,1.53E-11,9.23E-08,1.22E-11,9.02E-08,3.05E-12,5.47E-11,1.40E-10,4.36E-08,1.22E-11
7.34E-08,6.10E-12,9.24E-08,6.10E-12,9.02E-08,1.22E-11,6.06E-11,1.37E-10,4.36E-08,6.10E-12
7.34E-08,2.14E-11,9.24E-08,2.44E-11,9.02E-08,6.10E-12,6.64E-11,1.40E-10,4.36E-08,6.10E-12
7.34E-08,6.10E-12,9.24E-08,1.83E-11,9.02E-08,1.22E-11,7.23E-11,1.40E-10,4.36E-08,1.83E-11
7.34E-08,1.53E-11,9.24E-08,2.14E-11,9.02E-08,9.16E-12,7.82E-11,1.62E-10,4.36E-08,1.22E-11
7.34E-08,2.14E-11,9.24E-08,-6.10E-12,9.02E-08,9.16E-12,8.41E-11,1.25E-10,4.36E-08,2.14E-11
7.34E-08,9.16E-12,9.24E-08,2.44E-11,9.02E-08,3.05E-12,9.00E-11,1.13E-10,4.36E-08,1.22E-11
7.34E-08,9.31E-17,9.24E-08,1.22E-11,9.02E-08,1.22E-11,9.59E-11,1.04E-10,4.36E-08,2.44E-11
7.34E-08,9.16E-12,9.24E-08,2.14E-11,9.02E-08,-3.05E-12,1.02E-10,1.22E-10,4.37E-08,9.31E-17
7.34E-08,1.22E-11,9.24E-08,1.22E-11,9.03E-08,3.05E-12,1.08E-10,1.22E-10,4.37E-08,1.22E-11
7.35E-08,1.83E-11,9.24E-08,1.22E-11,9.03E-08,-3.05E-12,1.13E-10,1.28E-10,4.37E-08,1.53E-11
7.35E-08,1.22E-11,9.24E-08,1.53E-11,9.03E-08,6.10E-12,1.19E-10,1.25E-10,4.37E-08,2.14E-11
7.35E-08,1.83E-11,9.24E-08,2.14E-11,9.03E-08,-6.10E-12,1.25E-10,1.37E-10,4.37E-08,6.10E-12
7.35E-08,2.75E-11,9.24E-08,1.22E-11,9.03E-08,1.22E-11,1.31E-10,1.37E-10,4.37E-08,3.05E-11
7.35E-08,1.22E-11,9.24E-08,9.31E-17,9.03E-08,9.31E-17,1.37E-10,1.28E-10,4.37E-08,1.83E-11
7.35E-08,1.83E-11,9.24E-08,1.22E-11,9.03E-08,9.16E-12,1.43E-10,1.07E-10,4.37E-08,2.75E-11
7.35E-08,9.31E-17,9.24E-08,1.83E-11,9.03E-08,9.16E-12,1.49E-10,1.28E-10,4.37E-08,1.22E-11
7.35E-08,1.22E-11,9.24E-08,1.53E-11,9.03E-08,3.05E-12,1.55E-10,1.22E-10,4.37E-08,1.83E-11
7.35E-08,1.53E-11,9.25E-08,1.22E-11,9.03E-08,9.31E-17,1.61E-10,1.34E-10,4.37E-08,4.58E-11
7.35E-08,1.53E-11,9.25E-08,2.75E-11,9.03E-08,1.22E-11,1.66E-10,1.43E-10,4.37E-08,5.80E-11
7.35E-08,6.10E-12,9.25E-08,1.22E-11,9.03E-08,6.10E-12,1.72E-10,1.62E-10,4.37E-08,5.49E-11
7.35E-08,2.14E-11,9.25E-08,1.22E-11,9.03E-08,1.53E-11,1.78E-10,1.25E-10,4.37E-08,7.02E-11
7.35E-08,1.22E-11,9.25E-08,6.10E-12,9.03E-08,-1.53E-11,1.84E-10,1.25E-10,4.37E-08,5.80E-11
7.35E-08,6.10E-12,9.25E-08,1.83E-11,9.03E-08,6.10E-12,1.90E-10,9.46E-11,4.37E-08,5.19E-11
7.35E-08,3.05E-12,9.25E-08,9.16E-12,9.03E-08,1.22E-11,1.96E-10,1.31E-10,4.37E-08,3.36E-11
7.35E-08,9.16E-12,9.25E-08,2.14E-11,9.03E-08,1.53E-11,2.02E-10,1.25E-10,4.38E-08,7.32E-11
7.35E-08,1.22E-11,9.25E-08,6.10E-12,9.04E-08,6.10E-12,2.08E-10,1.22E-10,4.38E-08,6.10E-11
7.36E-08,6.10E-12,9.25E-08,1.53E-11,9.04E-08,9.16E-12,2.13E-10,1.31E-10,4.38E-08,5.80E-11
7.36E-08,9.16E-12,9.25E-08,1.53E-11,9.04E-08,6.10E-12,2.19E-10,1.22E-10,4.38E-08,7.02E-11
7.36E-08,1.22E-11,9.25E-08,1.83E-11,9.04E-08,6.10E-12,2.25E-10,1.28E-10,4.38E-08,5.49E-11
7.36E-08,6.10E-12,9.25E-08,9.16E-12,9.04E-08,1.53E-11,2.31E-10,1.31E-10,4.38E-08,6.10E-11
7.36E-08,2.14E-11,9.25E-08,1.53E-11,9.04E-08,-3.05E-12,2.37E-10,1.40E-10,4.38E-08,6.10E-11
7.36E-08,-3.05E-12,9.25E-08,2.14E-11,9.04E-08,2.14E-11,2.43E-10,1.19E-10,4.38E-08,7.02E-11
7.36E-08,1.22E-11,9.25E-08,2.14E-11,9.04E-08,9.16E-12,2.49E-10,1.34E-10,4.38E-08,5.49E-11
7.36E-08,6.10E-12,9.25E-08,3.05E-12,9.04E-08,1.53E-11,2.55E-10,1.34E-10,4.38E-08,7.93E-11
7.36E-08,1.53E-11,9.26E-08,2.44E-11,9.04E-08,1.22E-11,2.61E-10,1.34E-10,4.38E-08,7.93E-11
7.36E-08,1.22E-11,9.26E-08,1.53E-11,9.04E-08,6.10E-12,2.66E-10,1.34E-10,4.38E-08,6.71E-11
7.36E-08,1.22E-11,9.26E-08,2.14E-11,9.04E-08,3.05E-12,2.72E-10,1.37E-10,4.38E-08,6.10E-11
7.36E-08,1.22E-11,9.26E-08,3.05E-12,9.04E-08,6.10E-12,2.78E-10,1.13E-10,4.38E-08,7.32E-11
7.36E-08,1.53E-11,9.26E-08,1.83E-11,9.04E-08,-9.16E-12,2.84E-10,1.25E-10,4.38E-08,5.80E-11
7.36E-08,1.83E-11,9.26E-08,1.83E-11,9.04E-08,6.10E-12,2.90E-10,9.16E-11,4.38E-08,7.02E-11
7.36E-08,9.31E-17,9.26E-08,2.44E-11,9.04E-08,1.83E-11,2.96E-10,1.31E-10,4.38E-08,5.49E-11
7.36E-08,1.83E-11,9.26E-08,1.53E-11,9.04E-08,1.22E-11,3.02E-10,1.34E-10,4.39E-08,7.32E-11
7.36E-08,1.53E-11,9.26E-08,3.05E-12,9.05E-08,-3.05E-12,3.08E-10,1.25E-10,4.39E-08,6.10E-11
7.37E-08,1.83E-11,9.26E-08,1.83E-11,9.05E-08,3.05E-12,3.13E-10,1.19E-10,4.39E-08,6.41E-11
7.37E-08,1.22E-11,9.26E-08,1.83E-11,9.05E-08,3.05E-12,3.19E-10,1.22E-10,4.39E-08,6.41E-11
7.37E-08,1.22E-11,9.26E-08,2.44E-11,9.05E-08,9.16E-12,3.25E-10,1.19E-10,4.39E-08,6.71E-11
7.37E-08,1.53E-11,9.26E-08,1.53E-11,9.05E-08,9.31E-17,3.31E-10,1.28E-10,4.39E-08,5.80E-11
7.37E-08,2.14E-11,9.26E-08,2.14E-11,9.05E-08,1.22E-11,3.37E-10,1.10E-10,4.39E-08,7.02E-11
7.37E-08,6.10E-12,9.26E-08,1.83E-11,9.05E-08,1.53E-11,3.43E-10,1.28E-10,4.39E-08,4.27E-11
7.37E-08,1.83E-11,9.26E-08,1.83E-11,9.05E-08,6.10E-12,3.49E-10,1.28E-10,4.39E-08,6.10E-11
7.37E-08,2.14E-11,9.26E-08,6.10E-12,9.05E-08,-3.05E-12,3.55E-10,1.28E-10,4.39E-08,6.10E-11
7.37E-08,1.83E-11,9.27E-08,2.14E-11,9.05E-08,9.31E-17,3.61E-10,1.34E-10,4.39E-08,5.49E-11
7.37E-08,1.22E-11,9.27E-08,1.53E-11,9.05E-08,9.31E-17,3.66E-10,1.16E-10,4.39E-08,6.10E-11
7.37E-08,1.53E-11,9.27E-08,6.10E-12,9.05E-08,6.10E-12,3.72E-10,1.13E-10,4.39E-08,6.10E-11
7.37E-08,1.53E-11,9.27E-08,3.05E-12,9.05E-08,1.22E-11,3.78E-10,1.10E-10,4.39E-08,6.41E-11
7.37E-08,1.83E-11,9.27E-08,2.14E-11,9.05E-08,-3.05E-12,3.84E-10,1.07E-10,4.39E-08,5.80E-11
7.37E-08,6.10E-12,9.27E-08,2.14E-11,9.05E-08,2.14E-11,3.90E-10,1.25E-10,4.39E-08,6.10E-11
7.37E-08,1.83E-11,9.27E-08,1.22E-11,9.05E-08,9.31E-17,3.96E-10,1.25E-10,4.39E-08,2.44E-11
7.37E-08,9.16E-12,9.27E-08,1.22E-11,9.05E-08,1.53E-11,4.02E-10,9.77E-11,4.40E-08,4.27E-11
7.37E-08,1.53E-11,9.27E-08,2.14E-11,9.06E-08,9.31E-17,4.08E-10,1.07E-10,4.40E-08,4.27E-11
7.38E-08,9.16E-12,9.27E-08,2.14E-11,9.06E-08,1.83E-11,4.13E-10,1.10E-10,4.40E-08,3.66E-11
7.38E-08,2.14E-11,9.27E-08,1.53E-11,9.06E-08,3.05E-12,4.19E-10,1.04E-10,4.40E-08,3.66E-11
7.38E-08,2.75E-11,9.27E-08,6.10E-12,9.06E-08,1.53E-11,4.25E-10,1.37E-10,4.40E-08,4.58E-11
7.38E-08,2.44E-11,9.27E-08,1.83E-11,9.06E-08,3.05E-12,4.31E-10,1.10E-10,4.40E-08,4.58E-11
7.38E-08,6.10E-12,9.27E-08,1.83E-11,9.06E-08,1.22E-11,4.37E-10,1.16E-10,4.40E-08,4.88E-11
7.38E-08,6.10E-12,9.27E-08,1.83E-11,9.06E-08,9.16E-12,4.43E-10,7.93E-11,4.40E-08,3.66E-11
7.38E-08,3.05E-11,9.27E-08,1.83E-11,9.06E-08,9.31E-17,4.49E-10,1.07E-10,4.40E-08,6.10E-11
7.38E-08,9.16E-12,9.27E-08,6.10E-12,9.06E-08,9.31E-17,4.55E-10,1.13E-10,4.40E-08,6.71E-11
7.38E-08,2.14E-11,9.28E-08,1.83E-11,9.06E-08,6.10E-12,4.61E-10,8.85E-11,4.40E-08,7.32E-11
7.38E-08,1.22E-11,9.28E-08,1.53E-11,9.06E-08,1.22E-11,4.66E-10,1.19E-10,4.40E-08,5.19E-11
7.38E-08,1.83E-11,9.28E-08,2.44E-11,9.06E-08,6.10E-12,4.72E-10,1.28E-10,4.40E-08,7.02E-11
7.38E-08,2.14E-11,9.28E-08,1.22E-11,9.06E-08,-9.16E-12,4.78E-10,1.34E-10,4.40E-08,7.93E-11
7.38E-08,1.53E-11,9.28E-08,2.75E-11,9.06E-08,6.10E-12,4.84E-10,1.40E-10,4.40E-08,7.02E-11
7.38E-08,9.31E-17,9.28E-08,3.05E-11,9.06E-08,6.10E-12,4.90E-10,1.43E-10,4.40E-08,7.93E-11
7.38E-08,2.44E-11,9.28E-08,3.05E-11,9.06E-08,9.31E-17,4.96E-10,1.56E-10,4.40E-08,9.16E-11
7.38E-08,1.83E-11,9.28E-08,1.53E-11,9.06E-08,-3.05E-12,5.02E-10,1.37E-10,4.41E-08,1.04E-10
7.38E-08,2.14E-11,9.28E-08,2.44E-11,9.07E-08,1.83E-11,5.08E-10,7.93E-11,4.41E-08,1.10E-10
7.39E-08,1.22E-11,9.28E-08,1.83E-11,9.07E-08,1.22E-11,5.13E-10,1.04E-10,4.41E-08,1.04E-10
7.39E-08,1.53E-11,9.28E-08,3.36E-11,9.07E-08,9.16E-12,5.19E-10,8.54E-11,4.41E-08,1.46E-10
7.39E-08,9.16E-12,9.28E-08,6.10E-12,9.07E-08,3.05E-12,5.25E-10,8.85E-11,4.41E-08,1.25E-10
7.39E-08,9.16E-12,9.28E-08,2.14E-11,9.07E-08,1.53E-11,5.31E-10,8.85E-11,4.41E-08,1.19E-10
7.39E-08,1.83E-11,9.28E-08,3.05E-11,9.07E-08,1.53E-11,5.37E-10,9.16E-11,4.41E-08,1.59E-10
7.39E-08,1.53E-11,9.28E-08,1.53E-11,9.07E-08,6.10E-12,5.43E-10,1.13E-10,4.41E-08,1.46E-10
7.39E-08,2.44E-11,9.28E-08,1.83E-11,9.07E-08,9.31E-17,5.49E-10,1.01E-10,4.41E-08,1.53E-10
7.39E-08,2.14E-11,9.28E-08,2.14E-11,9.07E-08,6.10E-12,5.55E-10,1.01E-10,4.41E-08,1.10E-10
7.39E-08,1.22E-11,9.29E-08,2.44E-11,9.07E-08,1.22E-11,5.61E-10,9.46E-11,4.41E-08,1.71E-10
7.39E-08,2.44E-11,9.29E-08,2.75E-11,9.07E-08,6.10E-12,5.66E-10,1.22E-10,4.41E-08,1.04E-10
7.39E-08,1.22E-11,9.29E-08,1.22E-11,9.07E-08,6.10E-12,5.72E-10,1.10E-10,4.41E-08,1.22E-10
7.39E-08,1.83E-11,9.29E-08,2.14E-11,9.07E-08,3.05E-12,5.78E-10,1.10E-10,4.41E-08,2.69E-10
7.39E-08,1.53E-11,9.29E-08,1.22E-11,9.07E-08,1.22E-11,5.84E-10,9.77E-11,4.41E-08,1.53E-10
7.39E-08,3.05E-11,9.29E-08,1.53E-11,9.07E-08,1.22E-11,5.90E-10,1.10E-10,4.41E-08,1.28E-10
7.39E-08,2.14E-11,9.29E-08,1.22E-11,9.07E-08,1.83E-11,5.96E-10,9.46E-11,4.41E-08,1.59E-10
7.39E-08,3.36E-11,9.29E-08,2.44E-11,9.07E-08,9.31E-17,6.02E-10,9.46E-11,4.42E-08,2.04E-10
7.39E-08,1.83E-11,9.29E-08,1.83E-11,9.08E-08,1.22E-11,6.08E-10,1.07E-10,4.42E-08,2.50E-10
7.40E-08,3.36E-11,9.29E-08,2.14E-11,9.08E-08,9.31E-17,6.13E-10,9.46E-11,4.42E-08,2.17E-10
7.40E-08,2.44E-11,9.29E-08,2.75E-11,9.08E-08,1.53E-11,6.19E-10,1.04E-10,4.42E-08,2.32E-10
7.40E-08,2.75E-11,9.29E-08,6.10E-12,9.08E-08,-3.05E-12,6.25E-10,9.16E-11,4.42E-08,2.20E-10
7.40E-08,2.75E-11,9.29E-08,3.05E-11,9.08E-08,9.16E-12,6.31E-10,1.01E-10,4.42E-08,2.14E-10
7.40E-08,2.14E-11,9.29E-08,2.14E-11,9.08E-08,6.10E-12,6.37E-10,1.04E-10,4.42E-08,1.74E-10
7.40E-08,3.05E-11,9.29E-08,2.14E-11,9.08E-08,6.10E-12,6.43E-10,1.13E-10,4.42E-08,1.89E-10
7.40E-08,2.75E-11,9.29E-08,1.22E-11,9.08E-08,1.22E-11,6.49E-10,1.13E-10,4.42E-08,1.86E-10
7.40E-08,4.58E-11,9.29E-08,2.14E-11,9.08E-08,9.16E-12,6.55E-10,1.13E-10,4.42E-08,1.68E-10
7.40E-08,1.83E-11,9.30E-08,2.14E-11,9.08E-08,9.16E-12,6.61E-10,9.77E-11,4.42E-08,1.56E-10
7.40E-08,3.66E-11,9.30E-08,2.75E-11,9.08E-08,9.16E-12,6.66E-10,1.22E-10,4.42E-08,1.83E-10
7.40E-08,2.75E-11,9.30E-08,1.22E-11,9.08E-08,-1.22E-11,6.72E-10,1.22E-10,4.42E-08,1.83E-10
7.40E-08,4.58E-11,9.30E-08,2.44E-11,9.08E-08,1.22E-11,6.78E-10,9.16E-11,4.42E-08,8.85E-11
7.40E-08,2.44E-11,9.30E-08,2.14E-11,9.08E-08,9.31E-17,6.84E-10,1.16E-10,4.42E-08,1.71E-10
7.40E-08,3.97E-11,9.30E-08,3.36E-11,9.08E-08,1.53E-11,6.90E-10,1.16E-10,4.42E-08,1.68E-10
7.40E-08,4.58E-11,9.30E-08,1.53E-11,9.08E-08,3.05E-12,6.96E-10,1.10E-10,4.42E-08,1.31E-10
7.40E-08,5.19E-11,9.30E-08,3.66E-11,9.08E-08,9.16E-12,7.02E-10,1.10E-10,4.43E-08,1.50E-10
7.40E-08,3.97E-11,9.30E-08,1.83E-11,9.09E-08,1.22E-11,7.08E-10,1.19E-10,4.43E-08,1.25E-10
7.41E-08,4.88E-11,9.30E-08,4.27E-11,9.09E-08,1.53E-11,7.13E-10,1.25E-10,4.43E-08,1.40E-10
7.41E-08,3.97E-11,9.30E-08,2.75E-11,9.09E-08,1.53E-11,7.19E-10,1.07E-10,4.43E-08,1.68E-10
7.41E-08,5.49E-11,9.30E-08,3.05E-11,9.09E-08,-3.05E-12,7.25E-10,1.13E-10,4.43E-08,1.59E-10
7.41E-08,5.49E-11,9.30E-08,3.05E-11,9.09E-08,9.16E-12,7.31E-10,8.24E-11,4.43E-08,1.16E-10
7.41E-08,5.80E-11,9.30E-08,4.27E-11,9.09E-08,1.22E-11,7.37E-10,1.19E-10,4.43E-08,8.24E-11
7.41E-08,6.10E-11,9.30E-08,2.75E-11,9.09E-08,9.16E-12,7.43E-10,1.22E-10,4.43E-08,1.25E-10
7.41E-08,5.49E-11,9.30E-08,5.49E-11,9.09E-08,1.22E-11,7.49E-10,1.25E-10,4.43E-08,1.01E-10
7.41E-08,4.27E-11,9.30E-08,2.75E-11,9.09E-08,1.53E-11,7.55E-10,1.16E-10,4.43E-08,7.93E-11
7.41E-08,7.93E-11,9.31E-08,4.27E-11,9.09E-08,1.22E-11,7.61E-10,1.31E-10,4.43E-08,8.54E-11
7.41E-08,6.10E-11,9.31E-08,2.75E-11,9.09E-08,1.22E-11,7.66E-10,1.04E-10,4.43E-08,1.34E-10
7.41E-08,9.77E-11,9.31E-08,4.88E-11,9.09E-08,-6.10E-12,7.72E-10,1.07E-10,4.43E-08,7.93E-11
7.41E-08,9.77E-11,9.31E-08,5.19E-11,9.09E-08,6.10E-12,7.78E-10,8.54E-11,4.43E-08,8.85E-11
7.41E-08,5.80E-11,9.31E-08,4.88E-11,9.09E-08,2.14E-11,7.84E-10,1.34E-10,4.43E-08,8.85E-11
7.41E-08,8.85E-11,9.31E-08,5.49E-11,9.09E-08,1.83E-11,7.90E-10,1.43E-10,4.43E-08,1.10E-10
7.41E-08,8.24E-11,9.31E-08,3.97E-11,9.09E-08,9.16E-12,7.96E-10,1.40E-10,4.43E-08,1.10E-10
7.41E-08,8.85E-11,9.31E-08,3.97E-11,9.09E-08,1.22E-11,8.02E-10,1.59E-10,4.44E-08,1.16E-10
7.41E-08,1.10E-10,9.31E-08,4.27E-11,9.10E-08,6.10E-12,8.08E-10,1.65E-10,4.44E-08,1.13E-10
7.42E-08,1.16E-10,9.31E-08,5.49E-11,9.10E-08,1.53E-11,8.13E-10,1.40E-10,4.44E-08,1.68E-10
7.42E-08,1.16E-10,9.31E-08,5.49E-11,9.10E-08,3.05E-12,8.19E-10,1.31E-10,4.44E-08,1.43E-10
7.42E-08,1.43E-10,9.31E-08,7.02E-11,9.10E-08,2.44E-11,8.25E-10,1.28E-10,4.44E-08,1.71E-10
7.42E-08,1.07E-10,9.31E-08,6.71E-11,9.10E-08,2.14E-11,8.31E-10,1.46E-10,4.44E-08,1.43E-10
7.42E-08,1.22E-10,9.31E-08,8.85E-11,9.10E-08,2.44E-11,8.37E-10,1.46E-10,4.44E-08,1.40E-10
7.42E-08,1.46E-10,9.31E-08,7.32E-11,9.10E-08,2.44E-11,8.43E-10,1.62E-10,4.44E-08,1.34E-10
7.42E-08,1.56E-10,9.31E-08,7.02E-11,9.10E-08,2.75E-11,8.49E-10,1.37E-10,4.44E-08,1.01E-10
7.42E-08,1.25E-10,9.31E-08,7.32E-11,9.10E-08,2.44E-11,8.55E-10,1.46E-10,4.44E-08,1.40E-10
7.42E-08,1.77E-10,9.32E-08,8.54E-11,9.10E-08,1.83E-11,8.61E-10,1.46E-10,4.44E-08,1.98E-10
7.42E-08,1.59E-10,9.32E-08,7.32E-11,9.10E-08,3.36E-11,8.66E-10,1.46E-10,4.44E-08,1.83E-10
7.42E-08,1.34E-10,9.32E-08,8.85E-11,9.10E-08,1.83E-11,8.72E-10,1.65E-10,4.44E-08,1.62E-10
7.42E-08,1.25E-10,9.32E-08,8.54E-11,9.10E-08,4.58E-11,8.78E-10,1.59E-10,4.44E-08,2.53E-10
7.42E-08,1.68E-10,9.32E-08,1.01E-10,9.10E-08,3.66E-11,8.84E-10,1.77E-10,4.44E-08,2.26E-10
7.42E-08,2.14E-10,9.32E-08,1.28E-10,9.10E-08,3.66E-11,8.90E-10,1.53E-10,4.44E-08,4.79E-10
7.42E-08,2.04E-10,9.32E-08,1.22E-10,9.10E-08,2.44E-11,8.96E-10,1.80E-10,4.44E-08,2.56E-10
7.42E-08,2.04E-10,9.32E-08,1.13E-10,9.10E-08,3.36E-11,9.02E-10,1.77E-10,4.45E-08,2.84E-10
7.42E-08,2.04E-10,9.32E-08,1.10E-10,9.11E-08,4.27E-11,9.08E-10,2.04E-10,4.45E-08,2.11E-10
7.43E-08,2.08E-10,9.32E-08,1.07E-10,9.11E-08,4.88E-11,9.13E-10,1.92E-10,4.45E-08,3.48E-10
7.43E-08,2.69E-10,9.32E-08,1.25E-10,9.11E-08,5.49E-11,9.19E-10,1.95E-10,4.45E-08,3.54E-10
7.43E-08,5.52E-10,9.32E-08,1.46E-10,9.11E-08,4.88E-11,9.25E-10,2.08E-10,4.45E-08,3.85E-10
7.43E-08,2.29E-10,9.32E-08,1.37E-10,9.11E-08,4.88E-11,9.31E-10,2.20E-10,4.45E-08,4.00E-10
7.43E-08,2.56E-10,9.32E-08,1.56E-10,9.11E-08,6.10E-11,9.37E-10,1.95E-10,4.45E-08,3.81E-10
7.43E-08,2.72E-10,9.32E-08,1.34E-10,9.11E-08,7.32E-11,9.43E-10,2.29E-10,4.45E-08,4.06E-10
7.43E-08,3.23E-10,9.32E-08,1.46E-10,9.11E-08,9.16E-11,9.49E-10,2.32E-10,4.45E-08,4.06E-10
7.43E-08,3.54E-10,9.32E-08,1.43E-10,9.11E-08,8.24E-11,9.55E-10,2.72E-10,4.45E-08,4.43E-10
7.43E-08,3.81E-10,9.33E-08,1.74E-10,9.11E-08,8.24E-11,9.61E-10,2.62E-10,4.45E-08,4.97E-10
7.43E-08,6.47E-10,9.33E-08,1.28E-10,9.11E-08,9.16E-11,9.66E-10,2.35E-10,4.45E-08,4.91E-10
7.43E-08,3.66E-10,9.33E-08,1.46E-10,9.11E-08,1.25E-10,9.72E-10,2.59E-10,4.45E-08,5.07E-10
7.43E-08,5.25E-10,9.33E-08,1.37E-10,9.11E-08,1.19E-10,9.78E-10,4.00E-10,4.45E-08,5.83E-10
7.43E-08,3.54E-10,9.33E-08,1.95E-10,9.11E-08,1.37E-10,9.84E-10,3.08E-10,4.45E-08,5.83E-10
7.43E-08,3.08E-10,9.33E-08,1.43E-10,9.11E-08,1.43E-10,9.90E-10,3.11E-10,4.45E-08,6.41E-10
7.43E-08,3.72E-10,9.33E-08,1.43E-10,9.11E-08,1.56E-10,9.96E-10,2.84E-10,4.45E-08,6.07E-10
7.43E-08,4.06E-10,9.33E-08,1.56E-10,9.11E-08,1.92E-10,1.00E-09,3.23E-10,4.46E-08,6.01E-10
7.43E-08,2.99E-10,9.33E-08,1.71E-10,9.12E-08,1.83E-10,1.01E-09,3.60E-10,4.46E-08,5.37E-10
7.44E-08,7.23E-10,9.33E-08,1.71E-10,9.12E-08,1.98E-10,1.01E-09,3.36E-10,4.46E-08,5.62E-10
7.44E-08,4.88E-10,9.33E-08,1.71E-10,9.12E-08,2.26E-10,1.02E-09,3.33E-10,4.46E-08,6.23E-10
7.44E-08,6.90E-10,9.33E-08,1.89E-10,9.12E-08,2.44E-10,1.03E-09,3.17E-10,4.46E-08,6.59E-10
7.44E-08,7.45E-10,9.33E-08,1.89E-10,9.12E-08,2.72E-10,1.03E-09,3.54E-10,4.46E-08,1.00E-09
7.44E-08,5.37E-10,9.33E-08,1.80E-10,9.12E-08,2.53E-10,1.04E-09,3.75E-10,4.46E-08,7.72E-10
7.44E-08,7.17E-10,9.33E-08,2.14E-10,9.12E-08,2.90E-10,1.04E-09,3.75E-10,4.46E-08,8.30E-10
7.44E-08,5.58E-10,9.33E-08,1.77E-10,9.12E-08,3.85E-10,1.05E-09,4.03E-10,4.46E-08,1.10E-09
7.44E-08,4.82E-10,9.33E-08,2.20E-10,9.12E-08,2.41E-10,1.05E-09,4.52E-10,4.46E-08,9.55E-10
7.44E-08,8.09E-10,9.34E-08,2.47E-10,9.12E-08,3.02E-10,1.06E-09,4.73E-10,4.46E-08,8.58E-10
7.44E-08,8.09E-10,9.34E-08,3.23E-10,9.12E-08,3.30E-10,1.07E-09,4.70E-10,4.46E-08,1.15E-09
7.44E-08,8.51E-10,9.34E-08,2.59E-10,9.12E-08,3.72E-10,1.07E-09,5.37E-10,4.46E-08,1.32E-09
7.44E-08,8.70E-10,9.34E-08,2.72E-10,9.12E-08,3.66E-10,1.08E-09,4.94E-10,4.46E-08,1.21E-09
7.44E-08,8.88E-10,9.34E-08,2.69E-10,9.12E-08,3.48E-10,1.08E-09,5.04E-10,4.46E-08,1.23E-09
7.44E-08,7.57E-10,9.34E-08,3.08E-10,9.12E-08,4.09E-10,1.09E-09,5.86E-10,4.46E-08,1.18E-09
7.44E-08,8.58E-10,9.34E-08,3.78E-10,9.12E-08,5.04E-10,1.10E-09,7.75E-10,4.46E-08,1.25E-09
7.44E-08,8.36E-10,9.34E-08,3.97E-10,9.12E-08,4.94E-10,1.10E-09,8.27E-10,4.47E-08,1.22E-09
7.44E-08,8.06E-10,9.34E-08,4.00E-10,9.13E-08,5.86E-10,1.11E-09,7.54E-10,4.47E-08,1.19E-09
7.45E-08,8.85E-10,9.34E-08,4.33E-10,9.13E-08,6.07E-10,1.11E-09,8.79E-10,4.47E-08,1.21E-09
7.45E-08,8.54E-10,9.34E-08,4.39E-10,9.13E-08,6.56E-10,1.12E-09,9.49E-10,4.47E-08,1.11E-09
7.45E-08,8.70E-10,9.34E-08,4.94E-10,9.13E-08,7.08E-10,1.13E-09,1.01E-09,4.47E-08,1.11E-09
7.45E-08,8.45E-10,9.34E-08,4.76E-10,9.13E-08,8.39E-10,1.13E-09,1.23E-09,4.47E-08,1.20E-09
7.45E-08,8.70E-10,9.34E-08,5.28E-10,9.13E-08,8.94E-10,1.14E-09,1.26E-09,4.47E-08,1.62E-09
7.45E-08,9.40E-10,9.34E-08,5.34E-10,9.13E-08,9.52E-10,1.14E-09,1.21E-09,4.47E-08,1.16E-09
7.45E-08,8.88E-10,9.34E-08,5.92E-10,9.13E-08,1.12E-09,1.15E-09,1.07E-09,4.47E-08,1.29E-09
7.45E-08,8.97E-10,9.34E-08,6.41E-10,9.13E-08,1.19E-09,1.15E-09,1.16E-09,4.47E-08,1.25E-09
7.45E-08,1.08E-09,9.35E-08,6.96E-10,9.13E-08,1.19E-09,1.16E-09,1.17E-09,4.47E-08,1.28E-09
7.45E-08,9.98E-10,9.35E-08,6.71E-10,9.13E-08,1.17E-09,1.17E-09,1.18E-09,4.47E-08,1.43E-09
7.45E-08,8.58E-10,9.35E-08,7.20E-10,9.13E-08,1.18E-09,1.17E-09,1.20E-09,4.47E-08,1.87E-09
7.45E-08,9.98E-10,9.35E-08,7.57E-10,9.13E-08,1.35E-09,1.18E-09,1.24E-09,4.47E-08,1.78E-09
7.45E-08,8.58E-10,9.35E-08,9.55E-10,9.13E-08,1.39E-09,1.18E-09,1.26E-09,4.47E-08,1.51E-09